id,date,amount,ref
P000008,2026-02-06,586979,UPI SHAH METALS
P000015,2026-02-07,113410,UPI DESAI PLASTICS DPM1
P000006,2026-02-08,35553,RTGS BANSAL LIGHTING BLE1
P000023,2026-02-14,48321,RTGS NAGPAL PLASTICS NPR3
P000024,2026-02-14,390061,UPI MENON COPPER WORKS MCWS1
P000018,2026-02-17,246467,RTGS KOHLI SUPPLIES KSO2
P000025,2026-02-19,87839,NEFT RATHI STEEL TRADERS RSTT1
P000013,2026-02-20,396622,IMPS MISHRA ENGINEERING MEK1
P000016,2026-02-21,73679,IMPS VERMA AGENCIES VAN1
P000017,2026-02-22,293454,UPI KOHLI SUPPLIES KSO1
P000011,2026-02-23,69950,IMPS GROVER POLYMERS GPI1
P000003,2026-02-24,26243,RTGS THAKUR STEEL TRADERS TSTB2
P000009,2026-02-25,31773,RTGS MITTAL HARDWARE MHH1
P000010,2026-02-25,26471,RTGS MITTAL HARDWARE
P000019,2026-03-01,132125,UPI GILL SUPPLIES GSP1
P000001,2026-03-02,318836,UPI MATHUR SUPPLIES MSA1
P000022,2026-03-02,46527,RTGS NAGPAL PLASTICS NPR2
P000025x,2026-03-05,87839,UPI RATHI STEEL TRADERS RSTT1
P000038,2026-03-07,219482,RTGS MISHRA ENGINEERING MEK2
P000002,2026-03-09,56580,NEFT THAKUR STEEL TRADERS TSTB1
P000007,2026-03-12,168646,RTGS THAKUR SWITCHGEAR
P000012,2026-03-12,118177,NEFT IYER ENTERPRISES
P000040,2026-03-12,66210,UPI DESAI PLASTICS DPM2
P000021,2026-03-13,21275,NEFT NAGPAL PLASTICS NPR1
P000014,2026-03-14,430759,IMPS KHATRI AGENCIES KAL1
P000020,2026-03-14,152786,NEFT OBEROI SALES CORP OSCQ1
P000050,2026-03-15,183065,UPI MENON COPPER WORKS MCWS2
P000031,2026-03-18,59637,RTGS BANSAL LIGHTING BLE2
P000033,2026-03-20,154781,UPI SHAH METALS SMG2
P000042,2026-03-20,293549,IMPS KOHLI SUPPLIES KSO3
P000004,2026-03-26,374343,RTGS TANDON LIGHTING TLC1
P000036,2026-03-27,85562,RTGS GROVER POLYMERS GPI2
P000027,2026-03-29,59602,UPI THAKUR STEEL TRADERS TSTB3
P000041,2026-03-30,97256,IMPS VERMA AGENCIES
P000076,2026-04-01,188859,RTGS MENON COPPER WORKS
P000028,2026-04-02,32037,RTGS THAKUR STEEL TRADERS TSTB4
P000044,2026-04-02,187231,RTGS KOHLI SUPPLIES KSO5
P000051,2026-04-04,105870,NEFT RATHI STEEL TRADERS RSTT2
P000061,2026-04-04,205709,RTGS SHAH METALS SMG3
P000043,2026-04-07,216093,IMPS KOHLI SUPPLIES KSO4
P000059,2026-04-07,26668,IMPS BANSAL LIGHTING BLE3
P000029,2026-04-08,399064,IMPS TANDON LIGHTING TLC2
P000034,2026-04-08,21179,IMPS MITTAL HARDWARE MHH3
P000048,2026-04-08,36934,UPI NAGPAL PLASTICS NPR4
P000049,2026-04-10,66186,IMPS NAGPAL PLASTICS NPR5
P000035,2026-04-11,31175,IMPS MITTAL HARDWARE MHH4
P000030,2026-04-12,94129,NEFT SOOD ELECTRIC CO SECD2
P000065,2026-04-12,350767,RTGS MISHRA ENGINEERING MEK3
P000045,2026-04-15,102023,UPI GILL SUPPLIES GSP2
P000046,2026-04-17,175100,IMPS GILL SUPPLIES GSP3
P000094c,2026-04-17,934112,UPI KOHLI SUPPLIES SETTLEMENT
P000047,2026-04-20,182841,IMPS OBEROI SALES CORP OSCQ2
P000074,2026-04-20,41312,UPI NAGPAL PLASTICS NPR6
P000067,2026-04-21,76606,IMPS DESAI PLASTICS DPM3
P000054,2026-04-22,50976,UPI THAKUR STEEL TRADERS TSTB6
P000063,2026-04-22,81680,IMPS GROVER POLYMERS GPI3
P000077,2026-04-22,64794,IMPS RATHI STEEL TRADERS RSTT3
P000026,2026-04-24,192741,RTGS MATHUR SUPPLIES MSA2
P000030x,2026-04-25,94129,NEFT SOOD ELECTRIC CO SECD2
P000062,2026-04-27,23405,IMPS MITTAL HARDWARE MHH5
P000037,2026-04-28,94294,NEFT IYER ENTERPRISES
P000069,2026-04-28,341291,IMPS KOHLI SUPPLIES KSO6
P000075,2026-04-28,34220,NEFT NAGPAL PLASTICS
P000032,2026-04-29,181602,RTGS THAKUR SWITCHGEAR TSF2
P000090,2026-04-30,466631,IMPS MISHRA ENGINEERING MEK1
P000039,2026-05-01,274798,NEFT KHATRI AGENCIES KAL2
P000060,2026-05-01,279035,NEFT THAKUR SWITCHGEAR TSF3
P000057,2026-05-02,88146,NEFT SOOD ELECTRIC CO SECD3
P000068,2026-05-03,107557,IMPS VERMA AGENCIES VAN3
P000070,2026-05-03,259600,RTGS KOHLI SUPPLIES KSO7
P000052,2026-05-05,190723,RTGS MATHUR SUPPLIES MSA3
P000053,2026-05-05,54917,UPI THAKUR STEEL TRADERS TSTB5
P000055,2026-05-06,35341,NEFT THAKUR STEEL TRADERS TSTB7
P000100,2026-05-06,138945,UPI MENON COPPER WORKS
P000058,2026-05-10,65832,NEFT SOOD ELECTRIC CO SECD4
P000066,2026-05-11,283660,NEFT KHATRI AGENCIES KAL3
P000072,2026-05-15,119770,UPI GILL SUPPLIES
P000093,2026-05-15,203161,RTGS VERMA AGENCIES VAN1
P000064,2026-05-17,187242,NEFT IYER ENTERPRISES IEJ3
P000073,2026-05-19,150426,UPI OBEROI SALES CORP OSCQ3
P000098,2026-05-20,43530,RTGS NAGPAL PLASTICS NPR1
P000087,2026-05-21,51839,IMPS MITTAL HARDWARE MHH2
P000099,2026-05-22,41276,RTGS NAGPAL PLASTICS NPR2
P000056,2026-05-23,397507,RTGS TANDON LIGHTING
P000080,2026-05-23,20969,RTGS THAKUR STEEL TRADERS TSTB2
P000085,2026-05-23,179372,UPI SHAH METALS SMG1
P000071,2026-05-24,100902,NEFT GILL SUPPLIES
P000083,2026-05-24,46811,RTGS BANSAL LIGHTING BLE1
P000092,2026-05-25,97244,RTGS DESAI PLASTICS DPM1
P000086,2026-05-30,40499,UPI MITTAL HARDWARE MHH1
P000088,2026-05-31,71237,NEFT GROVER POLYMERS GPI1
P000079,2026-06-04,44663,IMPS THAKUR STEEL TRADERS TSTB1
P000096,2026-06-04,100984,UPI GILL SUPPLIES GSP1
P000101,2026-06-04,90530,IMPS RATHI STEEL TRADERS RSTT1
P000078,2026-06-05,201155,UPI MATHUR SUPPLIES MSA1
P000089,2026-06-05,137045,RTGS IYER ENTERPRISES IEJ1
P000084,2026-06-08,202075,IMPS THAKUR SWITCHGEAR TSF1
P000108,2026-06-16,53891,UPI BANSAL LIGHTING BLE2
P000125,2026-06-17,280828,NEFT MENON COPPER WORKS MCWS2
P000097,2026-06-18,222513,NEFT OBEROI SALES CORP OSCQ1
P000082,2026-06-20,85149,IMPS SOOD ELECTRIC CO SECD1
P000118,2026-06-21,111451,NEFT VERMA AGENCIES VAN2
P000110,2026-06-22,296463,RTGS SHAH METALS SMG2
P000117,2026-06-22,74741,UPI DESAI PLASTICS
P000115,2026-06-23,312924,UPI MISHRA ENGINEERING MEK2
P000119,2026-06-25,290941,UPI KOHLI SUPPLIES
P000081,2026-06-26,433036,IMPS TANDON LIGHTING TLC1
P000091,2026-06-26,376078,RTGS KHATRI AGENCIES
P000103,2026-06-27,290835,NEFT MATHUR SUPPLIES MSA3
P000112,2026-06-27,40163,IMPS MITTAL HARDWARE MHH4
P000104,2026-06-29,35424,IMPS THAKUR STEEL TRADERS TSTB3
P000141a,2026-06-30,61728,RTGS DESAI PLASTICS DPM3 PART
P000102,2026-07-01,194523,IMPS MATHUR SUPPLIES MSA2
P000120,2026-07-01,329373,RTGS KOHLI SUPPLIES KSO4
P000113,2026-07-02,42374,NEFT GROVER POLYMERS GPI2
P000121,2026-07-03,78977,RTGS GILL SUPPLIES GSP2
P000126,2026-07-03,105952,NEFT RATHI STEEL TRADERS RSTT2
P000133,2026-07-06,94825,UPI BANSAL LIGHTING BLE3
P000123,2026-07-09,28096,RTGS NAGPAL PLASTICS NPR3
P000111,2026-07-10,23951,UPI MITTAL HARDWARE MHH3
P000122,2026-07-10,121941,IMPS OBEROI SALES CORP OSCQ2
P000150,2026-07-10,190924,NEFT MENON COPPER WORKS MCWS3
P000105,2026-07-11,37984,IMPS THAKUR STEEL TRADERS TSTB4
P000139,2026-07-11,436848,RTGS MISHRA ENGINEERING MEK3
P000107,2026-07-12,84040,NEFT SOOD ELECTRIC CO SECD2
P000124,2026-07-12,37465,UPI NAGPAL PLASTICS NPR4
P000135,2026-07-12,398309,NEFT SHAH METALS SMG3
P000128,2026-07-14,39589,IMPS THAKUR STEEL TRADERS TSTB5
P000109,2026-07-15,173991,NEFT THAKUR SWITCHGEAR TSF2
P000106,2026-07-19,314293,IMPS TANDON LIGHTING TLC2
P000136,2026-07-20,17031,UPI MITTAL HARDWARE MHH5
P000142,2026-07-20,96913,NEFT VERMA AGENCIES VAN3
P000141b,2026-07-22,56001,UPI DESAI PLASTICS DPM3 BAL
P000143,2026-07-22,341964,IMPS KOHLI SUPPLIES KSO5
P000144,2026-07-22,371417,UPI KOHLI SUPPLIES KSO6
P000137,2026-07-23,129517,NEFT GROVER POLYMERS GPI3
P000148,2026-07-24,26939,NEFT NAGPAL PLASTICS NPR6
P000116,2026-07-25,388468,UPI KHATRI AGENCIES
P000114,2026-07-27,128655,UPI IYER ENTERPRISES IEJ2
P000129,2026-07-27,36745,IMPS THAKUR STEEL TRADERS TSTB6
P000151,2026-07-28,70871,UPI RATHI STEEL TRADERS
P000147,2026-07-29,42492,NEFT NAGPAL PLASTICS NPR5
P000149,2026-08-03,56015,RTGS NAGPAL PLASTICS
P000146,2026-08-04,202830,IMPS OBEROI SALES CORP OSCQ3
P000157,2026-08-05,98518,RTGS BANSAL LIGHTING BLE4
P000131,2026-08-06,377234,IMPS TANDON LIGHTING TLC3
P000130,2026-08-09,44309,UPI THAKUR STEEL TRADERS
P000174,2026-08-10,130921,IMPS MENON COPPER WORKS MCWS4
P000159,2026-08-12,510055,NEFT SHAH METALS SMG4
P000165,2026-08-12,70812,RTGS DESAI PLASTICS DPM4
P000134,2026-08-15,189756,UPI THAKUR SWITCHGEAR TSF3
P000140,2026-08-15,427077,UPI KHATRI AGENCIES KAL3
P000127,2026-08-19,141860,RTGS MATHUR SUPPLIES MSA4
P000138,2026-08-20,177637,RTGS IYER ENTERPRISES IEJ3
P000163,2026-08-21,460082,RTGS MISHRA ENGINEERING MEK4
P000168,2026-08-21,705439,UPI KOHLI SUPPLIES KSO8
P000145,2026-08-22,1000793,IMPS GILL SUPPLIES GSP3
P000156,2026-08-26,89302,IMPS SOOD ELECTRIC CO SECD4
P000162,2026-08-26,192741,IMPS IYER ENTERPRISES IEJ4
P000171,2026-08-26,200506,UPI OBEROI SALES CORP
P000153,2026-08-29,41017,RTGS THAKUR STEEL TRADERS TSTB8
P000132,2026-08-31,111722,RTGS SOOD ELECTRIC CO SECD3
P000161,2026-09-01,80511,RTGS GROVER POLYMERS
P000167,2026-09-02,201367,RTGS KOHLI SUPPLIES KSO7
P000173,2026-09-02,41465,RTGS NAGPAL PLASTICS
P000188,2026-09-02,235894,RTGS MISHRA ENGINEERING MEK5
P000190,2026-09-04,83886,IMPS DESAI PLASTICS DPM5
P000169,2026-09-06,128018,NEFT GILL SUPPLIES
P000154,2026-09-08,47707,IMPS THAKUR STEEL TRADERS TSTB9
P000160,2026-09-08,25514,IMPS MITTAL HARDWARE MHH6
P000172,2026-09-08,43530,RTGS NAGPAL PLASTICS NPR8
P000166,2026-09-09,144125,IMPS VERMA AGENCIES
P000199,2026-09-09,237499,NEFT MENON COPPER WORKS MCWS5
P000170,2026-09-11,79556,NEFT GILL SUPPLIES GSP5
P000175,2026-09-11,81007,UPI RATHI STEEL TRADERS RSTT4
P000155,2026-09-12,282763,IMPS TANDON LIGHTING TLC4
P000158,2026-09-12,186629,IMPS THAKUR SWITCHGEAR TSF4
P000152,2026-09-20,403843,NEFT MATHUR SUPPLIES
P000164,2026-09-20,259907,UPI KHATRI AGENCIES KAL4
P000183,2026-09-21,447220,UPI SHAH METALS SMG5
P000191,2026-09-21,100996,RTGS VERMA AGENCIES VAN5
P000200,2026-09-22,84358,NEFT RATHI STEEL TRADERS
P000193,2026-09-23,311803,RTGS KOHLI SUPPLIES KSO10
P000177,2026-09-28,529537,RTGS THAKUR STEEL TRADERS TSTB10
P000181,2026-09-28,78789,IMPS BANSAL LIGHTING BLE5
P000214,2026-09-29,319414,UPI MISHRA ENGINEERING MEK6
