id,supplier,gstin,inv,date,hsn,taxable,rate,cgst,sgst,igst
B000001,Mathur Supplies,27HQWMG8820T3ZK,MSA/0001,2026-01-01,7214,270200,18,0,0,48636
B000002,Thakur Steel Traders,03QFHTW5079F3ZH,TSTB/0001,2026-01-19,7408,47200,18,0,0,8496
B000003,Thakur Steel Traders,03QFHTW5079F3ZH,TSTB/0002,2026-01-11,7408,22240,18,0,0,4003
B000004,Tandon Lighting,09OXLPI5962I7ZD,TLC/0001,2026-01-24,3923,317240,18,0,0,57103
B000005,Sood Electric Co,07FQXIU3929D8Z9,SECD/0001,2026-01-12,3923,79680,18,7171,7171,0
B000006,Bansal Lighting,09KRKIX3273M6ZU,BLE-0001,2026-01-10,8536,30130,18,0,0,5423
B000007,Thakur Switchgear,27LDQUF3896O9ZS,TSF/0001,2026-01-10,7214,142920,18,0,0,25726
B000008,Shah Metals,07ACQSY8794M7ZR,SMG-0001,2026-01-04,8536,497440,18,44770,44769,0
B000009,Mittal Hardware,09ADYBW4303N1ZD,MHH-0001,2026-01-06,4818,30260,5,0,0,1513
B000010,Mittal Hardware,09ADYBW4303N1ZD,MHH-0002,2026-01-11,4818,25210,5,0,0,1261
B000011,Grover Polymers,03VNFYY2662N8Z8,GPI/0001,2026-01-07,8536,59280,18,0,0,10670
B000012,Iyer Enterprises,07WRDHY4866H6ZX,IEJ-0001,2026-01-07,3923,100150,18,9014,9013,0
B000013,Mishra Engineering,27HSHWQ9089X4ZD,MEK-0001,2026-01-26,8516,336120,18,0,0,60502
B000014,Khatri Agencies,07UJFUN1381C7ZI,KAL-0001,2026-01-18,3923,365050,18,32855,32854,0
B000015,Desai Plastics,07TGWLE6426N2ZE,DPM/0001,2026-01-03,8536,96110,18,8650,8650,0
B000016,Verma Agencies,07BRBXT6579V1ZY,VAN/0001,2026-01-02,8544,62440,18,5620,5619,0
B000017,Kohli Supplies,08PYVMA9104B5Z7,KSO/0001,2026-01-08,3923,248690,18,0,0,44764
B000018,Kohli Supplies,08PYVMA9104B5Z7,KSO/0002,2026-01-02,3923,208870,18,0,0,37597
B000019,Gill Supplies,29JSBDG6208J6Z1,GSP/0001,2026-01-03,8516,111970,18,0,0,20155
B000020,Oberoi Sales Corp,07PEZER7082O5ZA,OSCQ-0001,2026-01-11,7214,129480,18,11653,11653,0
B000021,Nagpal Plastics,27KPFDS7326H9ZR,NPR-0001,2026-01-24,7318,18030,18,0,0,3245
B000022,Nagpal Plastics,27KPFDS7326H9ZR,NPR-0002,2026-01-11,7318,39430,18,0,0,7097
B000023,Nagpal Plastics,27KPFDS7326H9ZR,NPR-0003,2026-01-03,7318,40950,18,0,0,7371
B000024,Menon Copper Works,33NKFHY6270I5ZR,MCWS/0001,2026-01-10,3923,330560,18,0,0,59501
B000025,Rathi Steel Traders,06LSDSF2787Q4ZN,RSTT/0001,2026-01-10,8516,74440,18,0,0,13399
B000026,Mathur Supplies,27HQWMG8820T3ZK,MSA/0002,2026-02-22,7214,163340,18,0,0,29401
B000027,Thakur Steel Traders,03QFHTW5079F3ZH,TSTB/0003,2026-02-09,7408,50510,18,0,0,9092
B000028,Thakur Steel Traders,03QFHTW5079F3ZH,TSTB/0004,2026-02-17,7408,27150,18,0,0,4887
B000029,Tandon Lighting,09OXLPI5962I7ZD,TLC/0002,2026-02-06,3923,338190,18,0,0,60874
B000030,Sood Electric Co,07FQXIU3929D8Z9,SECD/0002,2026-02-14,3923,79770,18,7180,7179,0
B000031,Bansal Lighting,09KRKIX3273M6ZU,BLE-0002,2026-02-20,8536,50540,18,0,0,9097
B000032,Thakur Switchgear,27LDQUF3896O9ZS,TSF/0002,2026-02-24,7214,153900,18,0,0,27702
B000033,Shah Metals,07ACQSY8794M7ZR,SMG-0002,2026-02-21,8536,131170,18,11806,11805,0
B000034,Mittal Hardware,09ADYBW4303N1ZD,MHH-0003,2026-02-22,4818,20170,5,0,0,1009
B000035,Mittal Hardware,09ADYBW4303N1ZD,MHH-0004,2026-02-23,4818,29690,5,0,0,1485
B000036,Grover Polymers,03VNFYY2662N8Z8,GPI/0002,2026-02-11,8536,72510,18,0,0,13052
B000037,Iyer Enterprises,07WRDHY4866H6ZX,IEJ-0002,2026-02-27,3923,79910,18,7192,7192,0
B000038,Mishra Engineering,27HSHWQ9089X4ZD,MEK-0002,2026-02-08,8516,171470,18,0,0,30865
B000039,Khatri Agencies,07UJFUN1381C7ZI,KAL-0002,2026-02-27,3923,232880,18,20959,20959,0
B000040,Desai Plastics,07TGWLE6426N2ZE,DPM/0002,2026-02-10,8536,56110,18,5050,5050,0
B000041,Verma Agencies,07BRBXT6579V1ZY,VAN/0002,2026-02-17,8544,82420,18,7418,7418,0
B000042,Kohli Supplies,08PYVMA9104B5Z7,KSO/0003,2026-02-08,3923,248770,18,0,0,44779
B000043,Kohli Supplies,08PYVMA9104B5Z7,KSO/0004,2026-02-17,3923,183130,18,0,0,32963
B000044,Kohli Supplies,08PYVMA9104B5Z7,KSO/0005,2026-02-21,3923,158670,18,0,0,28561
B000045,Gill Supplies,29JSBDG6208J6Z1,GSP/0002,2026-02-13,8516,86460,18,0,0,15563
B000046,Gill Supplies,29JSBDG6208J6Z1,GSP/0003,2026-02-14,8516,148390,18,0,0,26710
B000047,Oberoi Sales Corp,07PEZER7082O5ZA,OSCQ-0002,2026-02-14,7214,154950,18,13946,13945,0
B000048,Nagpal Plastics,27KPFDS7326H9ZR,NPR-0004,2026-02-22,7318,31300,18,0,0,5634
B000049,Nagpal Plastics,27KPFDS7326H9ZR,NPR-0005,2026-02-21,7318,56090,18,0,0,10096
B000050,Menon Copper Works,33NKFHY6270I5ZR,MCWS/0002,2026-02-16,3923,155140,18,0,0,27925
B000051,Rathi Steel Traders,06LSDSF2787Q4ZN,RSTT/0002,2026-02-22,8516,89720,18,0,0,16150
B000052,Mathur Supplies,27HQWMG8820T3ZK,MSA/0003,2026-03-09,7214,161630,18,0,0,29093
B000053,Thakur Steel Traders,03QFHTW5079F3ZH,TSTB/0005,2026-03-19,7408,46540,18,0,0,8377
B000054,Thakur Steel Traders,03QFHTW5079F3ZH,TSTB/0006,2026-03-12,7408,43200,18,0,0,7776
B000055,Thakur Steel Traders,03QFHTW5079F3ZH,TSTB/0007,2026-03-25,7408,29950,18,0,0,5391
B000056,Tandon Lighting,09OXLPI5962I7ZD,TLC/0003,2026-03-23,3923,336870,18,0,0,60637
B000057,Sood Electric Co,07FQXIU3929D8Z9,SECD/0003,2026-03-06,3923,74700,18,6723,6723,0
B000058,Sood Electric Co,07FQXIU3929D8Z9,SECD/0004,2026-03-11,3923,55790,18,5021,5021,0
B000059,Bansal Lighting,09KRKIX3273M6ZU,BLE-0003,2026-03-13,8536,22600,18,0,0,4068
B000060,Thakur Switchgear,27LDQUF3896O9ZS,TSF/0003,2026-03-04,7214,236470,18,0,0,42565
B000061,Shah Metals,07ACQSY8794M7ZR,SMG-0003,2026-03-10,8536,174330,18,15690,15689,0
B000062,Mittal Hardware,09ADYBW4303N1ZD,MHH-0005,2026-03-08,4818,22290,5,0,0,1115
B000063,Grover Polymers,03VNFYY2662N8Z8,GPI/0003,2026-03-06,8536,69220,18,0,0,12460
B000064,Iyer Enterprises,07WRDHY4866H6ZX,IEJ-0003,2026-03-18,3923,158680,18,14281,14281,0
B000065,Mishra Engineering,27HSHWQ9089X4ZD,MEK-0003,2026-03-14,8516,297260,18,0,0,53507
B000066,Khatri Agencies,07UJFUN1381C7ZI,KAL-0003,2026-03-12,3923,240390,18,21635,21635,0
B000067,Desai Plastics,07TGWLE6426N2ZE,DPM/0003,2026-03-23,8536,64920,18,5843,5843,0
B000068,Verma Agencies,07BRBXT6579V1ZY,VAN/0003,2026-03-17,8544,91150,18,8204,8203,0
B000069,Kohli Supplies,08PYVMA9104B5Z7,KSO/0006,2026-03-18,3923,289230,18,0,0,52061
B000070,Kohli Supplies,08PYVMA9104B5Z7,KSO/0007,2026-03-15,3923,220000,18,0,0,39600
B000071,Gill Supplies,29JSBDG6208J6Z1,GSP/0004,2026-03-20,8516,85510,18,0,0,15392
B000072,Gill Supplies,29JSBDG6208J6Z1,GSP/0005,2026-03-12,8516,101500,18,0,0,18270
B000073,Oberoi Sales Corp,07PEZER7082O5ZA,OSCQ-0003,2026-03-17,7214,127480,18,11473,11473,0
B000074,Nagpal Plastics,27KPFDS7326H9ZR,NPR-0006,2026-03-03,7318,35010,18,0,0,6302
B000075,Nagpal Plastics,27KPFDS7326H9ZR,NPR-0007,2026-03-18,7318,29000,18,0,0,5220
B000076,Menon Copper Works,33NKFHY6270I5ZR,MCWS/0003,2026-03-02,3923,160050,18,0,0,28809
B000077,Rathi Steel Traders,06LSDSF2787Q4ZN,RSTT/0003,2026-03-13,8516,54910,18,0,0,9884
B000078,Mathur Supplies,27HQWMG8820T3ZK,MSA/0001,2026-04-03,7214,170470,18,0,0,30685
B000079,Thakur Steel Traders,03QFHTW5079F3ZH,TSTB/0001,2026-04-21,7408,37850,18,0,0,6813
B000080,Thakur Steel Traders,03QFHTW5079F3ZH,TSTB/0002,2026-04-03,7408,17770,18,0,0,3199
B000081,Tandon Lighting,09OXLPI5962I7ZD,TLC/0001,2026-04-22,3923,366980,18,0,0,66056
B000082,Sood Electric Co,07FQXIU3929D8Z9,SECD/0001,2026-04-19,3923,72160,18,6495,6494,0
B000083,Bansal Lighting,09KRKIX3273M6ZU,BLE-0001,2026-04-25,8536,39670,18,0,0,7141
B000084,Thakur Switchgear,27LDQUF3896O9ZS,TSF/0001,2026-04-13,7214,171250,18,0,0,30825
B000085,Shah Metals,07ACQSY8794M7ZR,SMG-0001,2026-04-21,8536,152010,18,13681,13681,0
B000086,Mittal Hardware,09ADYBW4303N1ZD,MHH-0001,2026-04-12,4818,38570,5,0,0,1929
B000087,Mittal Hardware,09ADYBW4303N1ZD,MHH-0002,2026-04-05,4818,49370,5,0,0,2469
B000088,Grover Polymers,03VNFYY2662N8Z8,GPI/0001,2026-04-16,8536,60370,18,0,0,10867
B000089,Iyer Enterprises,07WRDHY4866H6ZX,IEJ-0001,2026-04-09,3923,116140,18,10453,10452,0
B000090,Mishra Engineering,27HSHWQ9089X4ZD,MEK-0001,2026-04-04,8516,395450,18,0,0,71181
B000091,Khatri Agencies,07UJFUN1381C7ZI,KAL-0001,2026-04-26,3923,318710,18,28684,28684,0
B000092,Desai Plastics,07TGWLE6426N2ZE,DPM/0001,2026-04-25,8536,82410,18,7417,7417,0
B000093,Verma Agencies,07BRBXT6579V1ZY,VAN/0001,2026-04-05,8544,172170,18,15496,15495,0
B000094,Kohli Supplies,08PYVMA9104B5Z7,KSO/0001,2026-04-01,3923,452650,18,0,0,81477
B000095,Kohli Supplies,08PYVMA9104B5Z7,KSO/0002,2026-04-06,3923,338970,18,0,0,61015
B000096,Gill Supplies,29JSBDG6208J6Z1,GSP/0001,2026-04-07,8516,85580,18,0,0,15404
B000097,Oberoi Sales Corp,07PEZER7082O5ZA,OSCQ-0001,2026-04-19,7214,188570,18,16972,16971,0
B000098,Nagpal Plastics,27KPFDS7326H9ZR,NPR-0001,2026-04-03,7318,36890,18,0,0,6640
B000099,Nagpal Plastics,27KPFDS7326H9ZR,NPR-0002,2026-04-09,7318,34980,18,0,0,6296
B000100,Menon Copper Works,33NKFHY6270I5ZR,MCWS/0001,2026-04-04,3923,117750,18,0,0,21195
B000101,Rathi Steel Traders,06LSDSF2787Q4ZN,RSTT/0001,2026-04-19,8516,76720,18,0,0,13810
B000102,Mathur Supplies,27HQWMG8820T3ZK,MSA/0002,2026-05-06,7214,164850,18,0,0,29673
B000103,Mathur Supplies,27HQWMG8820T3ZK,MSA/0003,2026-05-01,7214,246470,18,0,0,44365
B000104,Thakur Steel Traders,03QFHTW5079F3ZH,TSTB/0003,2026-05-18,7408,30020,18,0,0,5404
B000105,Thakur Steel Traders,03QFHTW5079F3ZH,TSTB/0004,2026-05-24,7408,32190,18,0,0,5794
B000106,Tandon Lighting,09OXLPI5962I7ZD,TLC/0002,2026-05-23,3923,266350,18,0,0,47943
B000107,Sood Electric Co,07FQXIU3929D8Z9,SECD/0002,2026-05-08,3923,71220,18,6410,6410,0
B000108,Bansal Lighting,09KRKIX3273M6ZU,BLE-0002,2026-05-19,8536,45670,18,0,0,8221
B000109,Thakur Switchgear,27LDQUF3896O9ZS,TSF/0002,2026-05-13,7214,147450,18,0,0,26541
B000110,Shah Metals,07ACQSY8794M7ZR,SMG-0002,2026-05-26,8536,251240,18,22612,22611,0
B000111,Mittal Hardware,09ADYBW4303N1ZD,MHH-0003,2026-05-27,4818,22810,5,0,0,1141
B000112,Mittal Hardware,09ADYBW4303N1ZD,MHH-0004,2026-05-18,4818,38250,5,0,0,1913
B000113,Grover Polymers,03VNFYY2662N8Z8,GPI/0002,2026-05-15,8536,35910,18,0,0,6464
B000114,Iyer Enterprises,07WRDHY4866H6ZX,IEJ-0002,2026-05-26,3923,109030,18,9813,9812,0
B000115,Mishra Engineering,27HSHWQ9089X4ZD,MEK-0002,2026-05-22,8516,265190,18,0,0,47734
B000116,Khatri Agencies,07UJFUN1381C7ZI,KAL-0002,2026-05-22,3923,329210,18,29629,29629,0
B000117,Desai Plastics,07TGWLE6426N2ZE,DPM/0002,2026-05-25,8536,63340,18,5701,5700,0
B000118,Verma Agencies,07BRBXT6579V1ZY,VAN/0002,2026-05-03,8544,94450,18,8501,8500,0
B000119,Kohli Supplies,08PYVMA9104B5Z7,KSO/0003,2026-05-09,3923,246560,18,0,0,44381
B000120,Kohli Supplies,08PYVMA9104B5Z7,KSO/0004,2026-05-22,3923,279130,18,0,0,50243
B000121,Gill Supplies,29JSBDG6208J6Z1,GSP/0002,2026-05-02,8516,66930,18,0,0,12047
B000122,Oberoi Sales Corp,07PEZER7082O5ZA,OSCQ-0002,2026-05-15,7214,103340,18,9301,9300,0
B000123,Nagpal Plastics,27KPFDS7326H9ZR,NPR-0003,2026-05-26,7318,23810,18,0,0,4286
B000124,Nagpal Plastics,27KPFDS7326H9ZR,NPR-0004,2026-05-25,7318,31750,18,0,0,5715
B000125,Menon Copper Works,33NKFHY6270I5ZR,MCWS/0002,2026-05-19,3923,237990,18,0,0,42838
B000126,Rathi Steel Traders,06LSDSF2787Q4ZN,RSTT/0002,2026-05-22,8516,89790,18,0,0,16162
B000127,Mathur Supplies,27HQWMG8820T3ZK,MSA/0004,2026-06-18,7214,120220,18,0,0,21640
B000128,Thakur Steel Traders,03QFHTW5079F3ZH,TSTB/0005,2026-06-04,7408,33550,18,0,0,6039
B000129,Thakur Steel Traders,03QFHTW5079F3ZH,TSTB/0006,2026-06-14,7408,31140,18,0,0,5605
B000130,Thakur Steel Traders,03QFHTW5079F3ZH,TSTB/0007,2026-06-23,7408,37550,18,0,0,6759
B000131,Tandon Lighting,09OXLPI5962I7ZD,TLC/0003,2026-06-02,3923,319690,18,0,0,57544
B000132,Sood Electric Co,07FQXIU3929D8Z9,SECD/0003,2026-06-27,3923,94680,18,8521,8521,0
B000133,Bansal Lighting,09KRKIX3273M6ZU,BLE-0003,2026-06-05,8536,80360,18,0,0,14465
B000134,Thakur Switchgear,27LDQUF3896O9ZS,TSF/0003,2026-06-12,7214,160810,18,0,0,28946
B000135,Shah Metals,07ACQSY8794M7ZR,SMG-0003,2026-06-15,8536,337550,18,30380,30379,0
B000136,Mittal Hardware,09ADYBW4303N1ZD,MHH-0005,2026-06-03,4818,16220,5,0,0,811
B000137,Grover Polymers,03VNFYY2662N8Z8,GPI/0003,2026-06-04,8536,109760,18,0,0,19757
B000138,Iyer Enterprises,07WRDHY4866H6ZX,IEJ-0003,2026-06-19,3923,150540,18,13549,13548,0
B000139,Mishra Engineering,27HSHWQ9089X4ZD,MEK-0003,2026-06-06,8516,370210,18,0,0,66638
B000140,Khatri Agencies,07UJFUN1381C7ZI,KAL-0003,2026-06-19,3923,361930,18,32574,32573,0
B000141,Desai Plastics,07TGWLE6426N2ZE,DPM/0003,2026-06-10,8536,99770,18,8980,8979,0
B000142,Verma Agencies,07BRBXT6579V1ZY,VAN/0003,2026-06-08,8544,82130,18,7392,7391,0
B000143,Kohli Supplies,08PYVMA9104B5Z7,KSO/0005,2026-06-10,3923,289800,18,0,0,52164
B000144,Kohli Supplies,08PYVMA9104B5Z7,KSO/0006,2026-06-05,3923,314760,18,0,0,56657
B000145,Gill Supplies,29JSBDG6208J6Z1,GSP/0003,2026-06-18,8516,77160,18,0,0,13889
B000146,Oberoi Sales Corp,07PEZER7082O5ZA,OSCQ-0003,2026-06-10,7214,171890,18,15470,15470,0
B000147,Nagpal Plastics,27KPFDS7326H9ZR,NPR-0005,2026-06-13,7318,36010,18,0,0,6482
B000148,Nagpal Plastics,27KPFDS7326H9ZR,NPR-0006,2026-06-13,7318,22830,18,0,0,4109
B000149,Nagpal Plastics,27KPFDS7326H9ZR,NPR-0007,2026-06-17,7318,47470,18,0,0,8545
B000150,Menon Copper Works,33NKFHY6270I5ZR,MCWS/0003,2026-06-07,3923,161800,18,0,0,29124
B000151,Rathi Steel Traders,06LSDSF2787Q4ZN,RSTT/0003,2026-06-16,8516,60060,18,0,0,10811
B000152,Mathur Supplies,27HQWMG8820T3ZK,MSA/0005,2026-07-21,7214,342240,18,0,0,61603
B000153,Thakur Steel Traders,03QFHTW5079F3ZH,TSTB/0008,2026-07-15,7408,34760,18,0,0,6257
B000154,Thakur Steel Traders,03QFHTW5079F3ZH,TSTB/0009,2026-07-21,7408,40430,18,0,0,7277
B000155,Tandon Lighting,09OXLPI5962I7ZD,TLC/0004,2026-07-09,3923,239630,18,0,0,43133
B000156,Sood Electric Co,07FQXIU3929D8Z9,SECD/0004,2026-07-01,3923,75680,18,6811,6811,0
B000157,Bansal Lighting,09KRKIX3273M6ZU,BLE-0004,2026-07-07,8536,83490,18,0,0,15028
B000158,Thakur Switchgear,27LDQUF3896O9ZS,TSF/0004,2026-07-18,7214,158160,18,0,0,28469
B000159,Shah Metals,07ACQSY8794M7ZR,SMG-0004,2026-07-10,8536,432250,18,38903,38902,0
B000160,Mittal Hardware,09ADYBW4303N1ZD,MHH-0006,2026-07-21,4818,22780,5,0,0,1139
B000161,Grover Polymers,03VNFYY2662N8Z8,GPI/0004,2026-07-18,8536,68230,18,0,0,12281
B000162,Iyer Enterprises,07WRDHY4866H6ZX,IEJ-0004,2026-07-01,3923,163340,18,14701,14700,0
B000163,Mishra Engineering,27HSHWQ9089X4ZD,MEK-0004,2026-07-27,8516,389900,18,0,0,70182
B000164,Khatri Agencies,07UJFUN1381C7ZI,KAL-0004,2026-07-24,3923,220260,18,19824,19823,0
B000165,Desai Plastics,07TGWLE6426N2ZE,DPM/0004,2026-07-18,8536,60010,18,5401,5401,0
B000166,Verma Agencies,07BRBXT6579V1ZY,VAN/0004,2026-07-23,8544,122140,18,10993,10992,0
B000167,Kohli Supplies,08PYVMA9104B5Z7,KSO/0007,2026-07-15,3923,170650,18,0,0,30717
B000168,Kohli Supplies,08PYVMA9104B5Z7,KSO/0008,2026-07-06,3923,597830,18,0,0,107609
B000169,Gill Supplies,29JSBDG6208J6Z1,GSP/0004,2026-07-08,8516,108490,18,0,0,19528
B000170,Gill Supplies,29JSBDG6208J6Z1,GSP/0005,2026-07-17,8516,67420,18,0,0,12136
B000171,Oberoi Sales Corp,07PEZER7082O5ZA,OSCQ-0004,2026-07-01,7214,169920,18,15293,15293,0
B000172,Nagpal Plastics,27KPFDS7326H9ZR,NPR-0008,2026-07-24,7318,36890,18,0,0,6640
B000173,Nagpal Plastics,27KPFDS7326H9ZR,NPR-0009,2026-07-24,7318,35140,18,0,0,6325
B000174,Menon Copper Works,33NKFHY6270I5ZR,MCWS/0004,2026-07-08,3923,110950,18,0,0,19971
B000175,Rathi Steel Traders,06LSDSF2787Q4ZN,RSTT/0004,2026-07-25,8516,68650,18,0,0,12357
B000176,Mathur Supplies,27HQWMG8820T3ZK,MSA/0006,2026-08-23,7214,238780,18,0,0,42980
B000177,Thakur Steel Traders,03QFHTW5079F3ZH,TSTB/0010,2026-08-18,7408,32590,18,0,0,5866
B000178,Thakur Steel Traders,03QFHTW5079F3ZH,TSTB/0011,2026-08-21,7408,52390,18,0,0,9430
B000179,Tandon Lighting,09OXLPI5962I7ZD,TLC/0005,2026-08-06,3923,214970,18,0,0,38695
B000180,Sood Electric Co,07FQXIU3929D8Z9,SECD/0005,2026-08-26,3923,38330,18,3450,3449,0
B000181,Bansal Lighting,09KRKIX3273M6ZU,BLE-0005,2026-08-25,8536,66770,18,0,0,12019
B000182,Thakur Switchgear,27LDQUF3896O9ZS,TSF/0005,2026-08-06,7214,187460,18,0,0,33743
B000183,Shah Metals,07ACQSY8794M7ZR,SMG-0005,2026-08-20,8536,379000,18,34110,34110,0
B000184,Mittal Hardware,09ADYBW4303N1ZD,MHH-0007,2026-08-19,4818,46530,5,0,0,2327
B000185,Mittal Hardware,09ADYBW4303N1ZD,MHH-0008,2026-08-19,4818,43850,5,0,0,2193
B000186,Grover Polymers,03VNFYY2662N8Z8,GPI/0005,2026-08-19,8536,29240,18,0,0,5263
B000187,Iyer Enterprises,07WRDHY4866H6ZX,IEJ-0005,2026-08-24,3923,303510,18,27316,27316,0
B000188,Mishra Engineering,27HSHWQ9089X4ZD,MEK-0005,2026-08-03,8516,199910,18,0,0,35984
B000189,Khatri Agencies,07UJFUN1381C7ZI,KAL-0005,2026-08-19,3923,233650,18,21029,21028,0
B000190,Desai Plastics,07TGWLE6426N2ZE,DPM/0005,2026-08-09,8536,71090,18,6398,6398,0
B000191,Verma Agencies,07BRBXT6579V1ZY,VAN/0005,2026-08-12,8544,85590,18,7703,7703,0
B000192,Kohli Supplies,08PYVMA9104B5Z7,KSO/0009,2026-08-22,3923,301400,18,0,0,54252
B000193,Kohli Supplies,08PYVMA9104B5Z7,KSO/0010,2026-08-08,3923,264240,18,0,0,47563
B000194,Gill Supplies,29JSBDG6208J6Z1,GSP/0006,2026-08-23,8516,81160,18,0,0,14609
B000195,Gill Supplies,29JSBDG6208J6Z1,GSP/0007,2026-08-17,8516,206850,18,0,0,37233
B000196,Oberoi Sales Corp,07PEZER7082O5ZA,OSCQ-0005,2026-08-05,7214,126790,18,11411,11411,0
B000197,Nagpal Plastics,27KPFDS7326H9ZR,NPR-0010,2026-08-26,7318,28630,18,0,0,5153
B000198,Nagpal Plastics,27KPFDS7326H9ZR,NPR-0011,2026-08-19,7318,32950,18,0,0,5931
B000199,Menon Copper Works,33NKFHY6270I5ZR,MCWS/0005,2026-08-10,3923,201270,18,0,0,36229
B000200,Rathi Steel Traders,06LSDSF2787Q4ZN,RSTT/0005,2026-08-08,8516,71490,18,0,0,12868
B000201,Mathur Supplies,27HQWMG8820T3ZK,MSA/0007,2026-09-18,7214,124880,18,0,0,22478
B000202,Mathur Supplies,27HQWMG8820T3ZK,MSA/0008,2026-09-15,7214,185600,18,0,0,33408
B000203,Mathur Supplies,27HQWMG8820T3ZK,MSA/0009,2026-09-21,7214,144810,18,0,0,26066
B000204,Mathur Supplies,27HQWMG8820T3ZK,MSA/0010,2026-09-23,7214,136440,18,0,0,24559
B000205,Mathur Supplies,27HQWMG8820T3ZK,MSA/0011,2026-09-23,7214,223130,18,0,0,40163
B000206,Mathur Supplies,27HQWMG8820T3ZK,MSA/0012,2026-09-20,7214,154710,18,0,0,27848
B000207,Mathur Supplies,27HQWMG8820T3ZK,MSA/0013,2026-09-05,7214,104120,18,0,0,18742
B000208,Mathur Supplies,27HQWMG8820T3ZK,MSA/0014,2026-09-06,7214,244210,18,0,0,43958
B000209,Mathur Supplies,27HQWMG8820T3ZK,MSA/0015,2026-09-23,7214,199700,18,0,0,35946
B000210,Mathur Supplies,27HQWMG8820T3ZK,MSA/0016,2026-09-27,7214,205380,18,0,0,39971
B000211,Mathur Supplies,27HQWMG8820T3ZK,MSA/0017,2026-09-04,7214,123290,18,0,0,22192
B000212,Thakur Steel Traders,03QFHTW5079F3ZH,TSTB/0012,2026-09-02,7408,26410,18,0,0,4754
B000213,Thakur Steel Traders,03QFHTW5079F3ZH,TSTB/0013,2026-09-25,7408,46560,18,0,0,8381
B000215,Thakur Steel Traders,03QFHTW5079F3ZH,TSTB/0015,2026-09-07,7408,59950,18,0,0,10791
B000216,Thakur Steel Traders,03QFHTW5079F3ZH,TSTB/0016,2026-09-07,7408,22490,18,0,0,4048
B000217,Thakur Steel Traders,03QFHTW5079F3ZH,TSTB/0017,2026-09-24,7408,450860,18,0,0,81155
B000218,Thakur Steel Traders,03QFHTW5079F3ZH,TSTB/0018,2026-09-05,7408,31140,18,0,0,5605
B000219,Thakur Steel Traders,03QFHTW5079F3ZH,TSTB/0019,2026-09-23,7408,43180,18,0,0,7772
B000220,Thakur Steel Traders,03QFHTW5079F3ZH,TSTB/0020,2026-09-18,7408,42070,18,0,0,7573
B000221,Thakur Steel Traders,03YFHTW5Z79F3ZH,TSTB/0021,2026-09-25,7408,29260,18,0,0,5267
B000222,Thakur Steel Traders,03QFHTW5079F3ZH,TSTB/0022,2026-09-11,7408,31270,18,0,0,5629
B000223,Thakur Steel Traders,03QFHTW5079F3ZH,TSTB/0023,2026-09-15,7408,30170,18,0,0,5431
B000224,Thakur Steel Traders,03QFHTW5079F3ZH,TSTB/0024,2026-09-25,7408,35590,18,0,0,6406
B000225,Thakur Steel Traders,03QFHTW5079F3ZH,TSTB/0025,2026-09-02,7408,32080,18,0,0,5774
B000226,Thakur Steel Traders,03QFHTW5079F3ZH,TSTB/0026,2026-09-19,7408,29630,18,0,0,5333
B000227,Thakur Steel Traders,03QFHTW5079F3ZH,TSTB/0027,2026-09-21,7408,35820,18,0,0,6448
B000228,Thakur Steel Traders,03QFHTW5079F3ZH,TSTB/0028,2026-09-17,7408,35160,18,0,0,6329
B000229,Tandon Lighting,09OXLPI5962I7ZD,TLC/0006,2026-09-14,3923,180270,18,0,0,32449
B000231,Tandon Lighting,09OXLPI1962I7ZD,TLC/0008,2026-09-03,3923,428050,18,0,0,77049
B000232,Sood Electric Co,07FQXIU3929D8Z9,SECD/0006,2026-09-25,3923,37950,18,3416,3415,0
B000233,Sood Electric Co,07FQXIU3929D8Z9,SECD/0007,2026-09-06,3923,59200,18,5328,5328,0
B000235,Sood Electric Co,07FQXIU3929D8Z9,SECD/0009,2026-09-06,3923,84390,18,7595,7595,0
B000236,Sood Electric Co,07FQXIU3929D8Z9,SECD/0010,2026-09-07,3923,83120,18,7481,7481,0
B000237,Sood Electric Co,07FQXIU3929D8Z9,SECD/0011,2026-09-21,3923,56550,18,5090,5089,0
B000238,Sood Electric Co,07FQXIU3929D8Z9,SECD/0012,2026-09-05,3923,106630,18,9597,9596,0
B000239,Sood Electric Co,07FQXIU3929D8Z9,SECD/0013,2026-09-04,3923,77510,18,6976,6976,0
B000240,Sood Electric Co,07FQXIU3929D8Z9,SECD/0014,2026-09-22,3923,68480,18,6163,6163,0
B000241,Sood Electric Co,07FQXIU3929D8Z9,SECD/0015,2026-09-26,3923,83320,18,7499,7499,0
B000242,Sood Electric Co,07FQXIU3929D8Z9,SECD/0016,2026-09-03,3923,71710,18,6454,6454,0
B000243,Bansal Lighting,09KRKIX3873MZZU,BLE-0006,2026-09-25,8536,65810,18,0,0,11846
B000244,Bansal Lighting,09KRKIX3273M6ZU,BLE-0007,2026-09-10,8536,73750,18,0,0,13275
B000245,Bansal Lighting,09KRKIX3273M6ZU,BLE-0008,2026-09-11,8536,55870,18,0,0,10057
B000246,Bansal Lighting,09KRKIX3273M6ZU,BLE-0009,2026-09-03,8536,53280,18,0,0,9590
B000247,Bansal Lighting,09KRKIX3273M6ZU,BLE-0010,2026-09-20,8536,40240,18,0,0,7243
B000248,Bansal Lighting,09KRKIX3273M6ZU,BLE-0011,2026-09-17,8536,84410,18,0,0,15194
B000249,Bansal Lighting,09KRKIX3273M6ZU,BLE-0012,2026-09-14,8536,31090,18,0,0,5596
B000250,Thakur Switchgear,27LDQUF3896O9ZS,TSF/0006,2026-09-27,7214,203620,18,0,0,36652
B000251,Thakur Switchgear,27LDQUF383609ZS,TSF/0007,2026-09-02,7214,177860,18,0,0,32015
B000252,Thakur Switchgear,27LDQUF3896O9ZS,TSF/0008,2026-09-20,7214,140310,18,0,0,25256
B000253,Thakur Switchgear,27LDQUF3896O9ZS,TSF/0009,2026-09-10,7214,119830,18,0,0,21569
B000254,Thakur Switchgear,27LDQUF3896O9ZS,TSF/0010,2026-09-26,7214,117450,18,0,0,21141
B000255,Thakur Switchgear,27LDQUF3896O9ZS,TSF/0011,2026-09-19,7214,124950,18,0,0,22491
B000256,Thakur Switchgear,27LDQUF3896O9ZS,TSF/0012,2026-09-17,7214,109660,18,0,0,19739
B000257,Thakur Switchgear,27LDQUF3896O9ZS,TSF/0013,2026-09-02,7214,131010,18,0,0,23582
B000258,Shah Metals,07ACQSY8794M7ZR,SMG-0006,2026-09-24,8536,247370,18,22264,22263,0
B000259,Shah Metals,07ACQSY8794M7ZR,SMG-0007,2026-09-27,8536,104410,18,9397,9397,0
B000260,Shah Metals,07ACQSY8794M7ZR,SMG-0008,2026-09-16,8536,432770,18,38950,38949,0
B000261,Shah Metals,07ACQSY8794M7ZR,SMG-0009,2026-09-09,8536,247590,18,22283,22283,0
B000262,Shah Metals,07ACQSY8794M7ZR,SMG-0010,2026-09-24,8536,246240,18,22162,22161,0
B000263,Shah Metals,07ACQSY8794M7ZR,SMG-0011,2026-09-16,8536,426070,18,38347,38346,0
B000264,Mittal Hardware,09ADYBW4303N1ZD,MHH-0009,2026-09-07,4818,28140,5,0,0,1407
B000265,Mittal Hardware,09ADYBW4303N1ZD,MHH-0010,2026-09-13,4818,31180,5,0,0,1559
B000266,Mittal Hardware,09ADYBW4303N1ZD,MHH-0011,2026-09-03,4818,26860,5,0,0,1343
B000267,Mittal Hardware,09ADYBW4303N1ZD,MHH-0012,2026-09-17,4818,26020,5,0,0,1301
B000268,Mittal Hardware,09ADYBW4303N1ZD,MHH-0013,2026-09-23,4818,22390,5,0,0,1120
B000269,Mittal Hardware,09ADYBW4303N1ZD,MHH-0014,2026-09-22,4818,21520,5,0,0,1076
B000270,Mittal Hardware,09ADYBW4303N1ZD,MHH-0015,2026-09-14,4818,28600,5,0,0,1430
B000271,Mittal Hardware,09ADYBW4303N1ZD,MHH-0016,2026-09-11,4818,29650,5,0,0,1483
B000272,Mittal Hardware,09ADYBW4303N1ZD,MHH-0017,2026-09-10,4818,21720,5,0,0,1086
B000273,Mittal Hardware,09ADYBW4303N1ZD,MHH-0018,2026-09-04,4818,13010,5,0,0,651
B000274,Mittal Hardware,09ADYBW4303N1ZD,MHH-0019,2026-09-10,4818,21700,5,0,0,1085
B000275,Mittal Hardware,09ADYBW4303N1ZD,MHH-0020,2026-09-07,4818,22980,5,0,0,1149
B000276,Grover Polymers,03VNFYY2662N8Z8,GPI/0006,2026-09-02,8536,46040,18,0,0,8287
B000277,Grover Polymers,03VNFYY2662N8Z8,GPI/0007,2026-09-15,8536,36110,18,0,0,6500
B000278,Grover Polymers,03VNFYY2662N8Z8,GPI/0008,2026-09-18,8536,40050,18,0,0,7209
B000279,Grover Polymers,03VNFYY2662N8Z8,GPI/0009,2026-09-06,8536,60090,18,0,0,10816
B000280,Grover Polymers,03VNFYY2662N8Z8,GPI/0010,2026-09-13,8536,62760,18,0,0,11297
B000281,Grover Polymers,03VNFYY2662N8Z8,GPI/0011,2026-09-27,8536,48380,18,0,0,8708
B000282,Grover Polymers,03VNFYY2662N8Z8,GPI/0012,2026-09-24,8536,31910,18,0,0,5744
B000283,Grover Polymers,03VNFYY2662N8Z8,GPI/0013,2026-09-10,8536,40190,18,0,0,7234
B000284,Grover Polymers,03VNFYY2662N8Z8,GPI/0014,2026-09-23,8536,49700,18,0,0,8946
B000285,Iyer Enterprises,07WRDHY4866H6ZX,IEJ-0006,2026-09-02,3923,147740,18,13297,13296,0
B000286,Iyer Enterprises,07WRDHY4866H6ZX,IEJ-0007,2026-09-11,3923,200980,18,18088,18088,0
B000287,Iyer Enterprises,07WRDHY4866H6ZX,IEJ-0008,2026-09-07,3923,140830,18,12675,12674,0
B000288,Mishra Engineering,27HSHWQ9089X4ZD,MEK-0006,2026-09-25,8516,293260,18,26394,26393,0
B000289,Mishra Engineering,27HSHWQ9089X4ZD,MEK-0007,2026-09-09,8516,243590,18,0,0,43846
B000290,Mishra Engineering,27HSHWQ9089X4ZD,MEK-0008,2026-09-21,8516,207470,18,0,0,37345
B000291,Mishra Engineering,27HSHWF9089T4ZD,MEK-0009,2026-09-23,8516,413850,18,0,0,74493
B000292,Mishra Engineering,27HSHWQ9089X4ZD,MEK-0010,2026-09-27,8516,201420,18,0,0,36256
B000293,Mishra Engineering,27HSHWQ9089X4ZD,MEK-0011,2026-09-16,8516,226360,18,0,0,40745
B000294,Mishra Engineering,27HSHWQ9089X4ZD,MEK-0012,2026-09-06,8516,353710,18,0,0,63668
B000295,Mishra Engineering,27HSHWQ9089X4ZD,MEK-0013,2026-09-20,8516,211850,18,19067,19066,0
B000296,Khatri Agencies,07UJFUN1381C7ZI,KAL-0006,2026-09-23,3923,337760,18,30399,30398,0
B000297,Khatri Agencies,07UJFUN1381C7ZI,KAL-0007,2026-09-18,3923,254430,18,22899,22898,0
B000298,Khatri Agencies,07UJFUN1381C7ZI,KAL-0008,2026-09-02,3923,351720,18,31655,31655,0
B000299,Khatri Agencies,07UJFUN1381C7ZI,KAL-0009,2026-09-22,3923,553750,18,49838,49837,0
B000300,Khatri Agencies,07UJFUN1381C7ZI,KAL-0010,2026-09-22,3923,408340,18,36751,36750,0
B000301,Khatri Agencies,07UJFUN1381C7ZI,KAL-0011,2026-09-08,3923,548820,18,49394,49394,0
B000302,Khatri Agencies,07UJFUN1381C7ZI,KAL-0012,2026-09-21,3923,332810,18,29953,29953,0
B000303,Khatri Agencies,07UJFUN1381C7ZI,KAL-0013,2026-09-06,3923,377030,18,33933,33932,0
B000304,Desai Plastics,07TGWLE6426N2ZE,DPM/0006,2026-09-22,8536,55280,18,4975,4975,0
B000305,Desai Plastics,07TGWLE6426N2ZE,DPM/0007,2026-09-07,8536,68490,18,6164,6164,0
B000306,Desai Plastics,07TGWLE6426N2ZE,DPM/0008,2026-09-17,8536,97790,18,8801,8801,0
B000307,Desai Plastics,07TGWLE6426N2ZE,DPM/0009,2026-09-13,8536,86570,18,7792,7791,0
B000308,Desai Plastics,07TGWLE6426N2ZE,DPM/0010,2026-09-10,8536,80170,18,7216,7215,0
B000309,Verma Agencies,07BRBXT6579V1ZY,VAN/0006,2026-09-11,8544,63830,18,5745,5744,0
B000310,Verma Agencies,07BRBXT6579V1ZY,VAN/0007,2026-09-14,8544,121580,18,10942,10942,0
B000311,Verma Agencies,07BRBXT6579V1ZY,VAN/0008,2026-09-22,8544,109480,18,9853,9853,0
B000312,Verma Agencies,07BRBXT6579V1ZY,VAN/0009,2026-09-26,8544,117830,18,10605,10604,0
B000313,Verma Agencies,07BRBXT6579V1ZY,VAN/0010,2026-09-11,8544,115160,18,10365,10364,0
B000314,Kohli Supplies,08PYVMA9104B5Z7,KSO/0011,2026-09-01,3923,215770,18,0,0,38839
B000315,Kohli Supplies,08PYVMA9104B5Z7,KSO/0012,2026-09-26,3923,185630,18,0,0,33413
B000316,Kohli Supplies,08PYVMA9104B5Z7,KSO/0013,2026-09-12,3923,395890,18,0,0,71260
B000317,Kohli Supplies,08PYVMA9104B5Z7,KSO/0014,2026-09-07,3923,292870,18,0,0,47002
B000318,Kohli Supplies,08PYVMA9104B5Z7,KSO/0015,2026-09-21,3923,184300,18,0,0,33174
B000319,Kohli Supplies,08PYVMA9104B5Z7,KSO/0016,2026-09-02,3923,311240,18,0,0,56023
B000320,Kohli Supplies,08PYVMA9104B5Z7,KSO/0017,2026-09-21,3923,239010,18,0,0,43022
B000321,Kohli Supplies,08PYVMA9104B5Z7,KSO/0018,2026-09-14,3923,194120,18,0,0,34942
B000322,Kohli Supplies,08PYVMA9104B5Z7,KSO/0019,2026-09-09,3923,124820,18,0,0,22468
B000323,Kohli Supplies,08PYVMA9104B5Z7,KSO/0020,2026-09-22,3923,212940,18,0,0,38329
B000324,Kohli Supplies,08PYVMA9104B5Z7,KSO/0021,2026-09-05,3923,171920,18,0,0,30946
B000325,Kohli Supplies,08PYVMA9104B5Z7,KSO/0022,2026-09-18,3923,191120,18,0,0,34402
B000326,Gill Supplies,29JSUDG6208J6Z1,GSP/0008,2026-09-05,8516,116270,18,0,0,20929
B000327,Gill Supplies,29JSBDG6208J6Z1,GSP/0009,2026-09-18,8516,66250,18,0,0,11925
B000328,Gill Supplies,29JSBDG6208J6Z1,GSP/0010,2026-09-17,8516,57640,18,0,0,10375
B000329,Gill Supplies,29JSBDG6208J6Z1,GSP/0011,2026-09-14,8516,131490,18,0,0,23668
B000330,Gill Supplies,29JSBDG6208J6Z1,GSP/0012,2026-09-13,8516,57060,18,0,0,10271
B000331,Gill Supplies,29JSBDG6208J6Z1,GSP/0013,2026-09-25,8516,124340,18,0,0,22381
B000332,Gill Supplies,29JSBDG6208J6Z1,GSP/0014,2026-09-17,8516,109670,28,0,0,30708
B000333,Gill Supplies,29JSBDG6208J6Z1,GSP/0015,2026-09-20,8516,1017080,18,0,0,183074
B000334,Gill Supplies,29JSBDG6208J6Z1,GSP/0016,2026-09-23,8516,74640,18,0,0,13435
B000335,Oberoi Sales Corp,07PEZER7082O5ZA,OSCQ-0006,2026-09-23,7214,246980,18,22228,22228,0
B000336,Oberoi Sales Corp,07PEZER7082O5ZA,OSCQ-0007,2026-09-09,7214,169490,18,15254,15254,0
B000338,Oberoi Sales Corp,07PEZER7082O5ZA,OSCQ-0009,2026-09-18,7214,213100,18,19179,19179,0
B000339,Oberoi Sales Corp,07PEZER7082O5ZA,OSCQ-0010,2026-09-11,7214,80330,18,7230,7229,0
B000340,Oberoi Sales Corp,07PEZER7082O5ZA,OSCQ-0011,2026-09-03,7214,175950,18,15836,15835,0
B000341,Oberoi Sales Corp,07PEZER7082O5ZA,OSCQ-0012,2026-09-09,7214,186380,18,16774,16774,0
B000342,Nagpal Plastics,27KPFDS7326H9ZR,NPR-0012,2026-09-25,7318,32650,18,0,0,5877
B000343,Nagpal Plastics,27KPFDS7326H9ZR,NPR-0013,2026-09-14,7318,46510,18,0,0,8372
B000344,Nagpal Plastics,27KPFDS7326H9ZR,NPR-0014,2026-09-21,7318,30080,18,0,0,5414
B000345,Nagpal Plastics,27KPFDS7326H9ZR,NPR-0015,2026-09-19,7318,38000,18,0,0,7253
B000346,Nagpal Plastics,27KPFDS7326H9ZR,NPR-0016,2026-09-18,7318,36520,18,0,0,6574
B000347,Nagpal Plastics,27KPFDS7326H9ZR,NPR-0017,2026-09-25,7318,15960,18,0,0,2873
B000348,Nagpal Plastics,27KPFDS7326H9ZR,NPR-0018,2026-09-13,7318,34310,18,0,0,6176
B000349,Nagpal Plastics,27KPFDS7326H9ZR,NPR-0019,2026-09-19,7318,38520,18,0,0,6934
B000350,Nagpal Plastics,27KPFDS7326H9ZR,NPR-0020,2026-09-04,7318,30750,18,0,0,5535
B000351,Nagpal Plastics,27KPFDS7326H9ZR,NPR-0021,2026-09-25,7318,32200,18,0,0,5796
B000352,Nagpal Plastics,27KPFDS7326H9ZR,NPR-0022,2026-09-25,7318,32720,18,0,0,5890
B000353,Nagpal Plastics,27KPFDS7326H9ZR,NPR-0023,2026-09-03,7318,318140,18,0,0,57265
B000354,Nagpal Plastics,27KPFDS7326H9ZR,NPR-0024,2026-09-25,7318,18030,18,0,0,3245
B000355,Nagpal Plastics,27KPFDS7326H9ZR,NPR-0025,2026-09-16,7318,382660,18,0,0,68879
B000356,Nagpal Plastics,27KPFDS7326H9ZR,NPR-0026,2026-09-21,7318,63900,18,0,0,11502
B000357,Nagpal Plastics,27KPFDS7326H9ZR,NPR-0027,2026-09-16,7318,59160,18,0,0,10649
B000358,Nagpal Plastics,27KPFDS7326H9ZR,NPR-0028,2026-09-06,7318,28870,18,0,0,5197
B000359,Menon Copper Works,33NKFHY6270I5ZR,MCWS/0006,2026-09-24,3923,140370,18,0,0,25267
B000360,Menon Copper Works,33NKFHY6270I5ZR,MCWS/0007,2026-09-08,3923,131730,18,0,0,23711
B000361,Menon Copper Works,33NKFHY6270I5ZR,MCWS/0008,2026-09-19,3923,116980,18,0,0,21056
B000362,Menon Copper Works,33NKFHY6270I5ZR,MCWS/0009,2026-09-25,3923,113400,18,0,0,20412
B000363,Menon Copper Works,33NKFHY6270I5ZR,MCWS/0010,2026-09-11,3923,170950,18,0,0,30771
B000364,Rathi Steel Traders,06LSDSF2787Q4ZN,RSTT/0006,2026-09-14,8516,62770,18,5650,5649,0
B000365,Rathi Steel Traders,06LSDSF2787Q4ZN,RSTT/0007,2026-09-25,8516,125490,18,11294,11294,0
B000366,Rathi Steel Traders,06LSDSF2787Q4ZN,RSTT/0008,2026-09-23,8516,70300,18,0,0,12654
B000367,Rathi Steel Traders,06LSDSF2787Q4ZN,RSTT/0009,2026-09-05,8516,73840,18,0,0,13291
B000368,Rathi Steel Traders,06LSDSF2787Q4ZN,RSTT/0010,2026-09-22,8516,65750,28,0,0,18410
B000369,Rathi Steel Traders,06LSDSF2787Q4ZN,RSTT/0011,2026-09-09,8516,63900,18,0,0,11502
B000370,Rathi Steel Traders,06LSDSF2787Q4ZN,RSTT/0012,2026-09-24,8516,68930,18,0,0,12407
B000254D,Thakur Switchgear,27LDQUF3896O9ZS,TSF-0010,2026-09-26,7214,117450,18,0,0,21141
B000296D,Khatri Agencies,07UJFUN1381C7ZI,KAL/0006,2026-09-23,3923,337760,18,30399,30398,0
B000334D,Gill Supplies,29JSBDG6208J6Z1,GSP-0016,2026-09-23,8516,74640,18,0,0,13435
