id,supplier,gstin,inv,date,taxable,cgst,sgst,igst
G000001,Mathur Supplies,27HQWMG8820T3ZK,MSA/0001,2026-01-01,270200,0,0,48636
G000002,Thakur Steel Traders,03QFHTW5079F3ZH,TSTB/0001,2026-01-19,47200,0,0,8496
G000003,Thakur Steel Traders,03QFHTW5079F3ZH,TSTB/0002,2026-01-11,22240,0,0,4003
G000004,Tandon Lighting,09OXLPI5962I7ZD,TLC/0001,2026-01-24,317240,0,0,57103
G000005,Sood Electric Co,07FQXIU3929D8Z9,SECD/0001,2026-01-12,79680,7171,7171,0
G000006,Bansal Lighting,09KRKIX3273M6ZU,BLE-0001,2026-01-10,30130,0,0,5423
G000007,Thakur Switchgear,27LDQUF3896O9ZS,TSF/0001,2026-01-10,142920,0,0,25726
G000008,Shah Metals,07ACQSY8794M7ZR,SMG-0001,2026-01-04,497440,44770,44769,0
G000009,Mittal Hardware,09ADYBW4303N1ZD,MHH-0001,2026-01-06,30260,0,0,1513
G000010,Mittal Hardware,09ADYBW4303N1ZD,MHH-0002,2026-01-11,25210,0,0,1261
G000011,Grover Polymers,03VNFYY2662N8Z8,GPI/0001,2026-01-07,59280,0,0,10670
G000012,Iyer Enterprises,07WRDHY4866H6ZX,IEJ-0001,2026-01-07,100150,9014,9013,0
G000013,Mishra Engineering,27HSHWQ9089X4ZD,MEK-0001,2026-01-26,336120,0,0,60502
G000014,Khatri Agencies,07UJFUN1381C7ZI,KAL-1,2026-01-18,365050,32855,32854,0
G000015,Desai Plastics,07TGWLE6426N2ZE,DPM/0001,2026-01-03,96110,8650,8650,0
G000016,Verma Agencies,07BRBXT6579V1ZY,VAN/0001,2026-01-02,62440,0,0,11239
G000017,Kohli Supplies,08PYVMA9104B5Z7,KSO/0001,2026-01-08,248690,0,0,44764
G000018,Kohli Supplies,08PYVMA9104B5Z7,KSO/0002,2026-01-02,208870,0,0,37597
G000019,Gill Supplies,29JSBDG6208J6Z1,GSP/0001,2026-01-03,111970,0,0,20155
G000020,Oberoi Sales Corp,07PEZER7082O5ZA,OSCQ-0001,2026-01-11,129480,11653,11653,0
G000021,Nagpal Plastics,27KPFDS7326H9ZR,NPR-0001,2026-01-24,18030,0,0,3245
G000022,Nagpal Plastics,27KPFDS7326H9ZR,NPR-0002,2026-01-11,39430,0,0,7097
G000023,Nagpal Plastics,27KPFDS7326H9ZR,NPR-0003,2026-01-03,40950,0,0,7371
G000024,Menon Copper Works,33NKFHY6270I5ZR,MCWS-0001,2026-01-10,330560,0,0,59501
G000025,Rathi Steel Traders,06LSDSF2787Q4ZN,RSTT/0001,2026-01-10,74440,0,0,13399
G000026,Mathur Supplies,27HQWMG8820T3ZK,MSA0002,2026-02-22,163340,0,0,29401
G000027,Thakur Steel Traders,03QFHTW5079F3ZH,TSTB-0003,2026-02-09,50510,0,0,9092
G000028,Thakur Steel Traders,03QFHTW5079F3ZH,TSTB/0004,2026-02-17,27150,0,0,4887
G000029,Tandon Lighting,09OXLPI5962I7ZD,TLC/0002,2026-02-06,338190,0,0,60874
G000030,Sood Electric Co,07FQXIU3929D8Z9,SECD/0002,2026-02-14,79770,7180,7179,0
G000031,Bansal Lighting,09KRKIX3273M6ZU,BLE-0002,2026-02-20,50540,0,0,9097
G000032,Thakur Switchgear,27LDQUF3896O9ZS,TSF/0002,2026-02-24,153900,0,0,27702
G000033,Shah Metals,07ACQSY8794M7ZR,SMG-0002,2026-02-21,131170,11806,11805,0
G000034,Mittal Hardware,09ADYBW4303N1ZD,MHH-0003,2026-02-22,20170,0,0,1009
G000035,Mittal Hardware,09ADYBW4303N1ZD,MHH-0004,2026-02-23,29690,0,0,1485
G000036,Grover Polymers,03VNFYY2662N8Z8,GPI/0002,2026-02-11,72510,0,0,13052
G000037,Iyer Enterprises,07WRDHY4866H6ZX,IEJ-0002,2026-02-27,79910,7192,7192,0
G000038,Mishra Engineering,27HSHWQ9089X4ZD,MEK-0002,2026-02-08,171470,0,0,48012
G000039,Khatri Agencies,07UJFUN1381C7ZI,KAL-0002,2026-02-27,232880,20959,20959,0
G000040,Desai Plastics,07TGWLE6426N2ZE,DPM/0002,2026-02-10,56110,5050,5050,0
G000041,Verma Agencies,07BRBXT6579V1ZY,VAN/0002,2026-02-17,92990,8369,8369,0
G000042,Kohli Supplies,08PYVMA9104B5Z7,KSO/0003,2026-02-08,248770,0,0,44779
G000044,Kohli Supplies,08PYVMA9104B5Z7,KSO0005,2026-02-21,158670,0,0,28561
G000045,Gill Supplies,29JSBDG6208J6Z1,GSP/2,2026-02-13,86460,0,0,15563
G000046,Gill Supplies,29JSBDG6208J6Z1,GSP/0003,2026-02-14,148390,0,0,26710
G000047,Oberoi Sales Corp,07PEZER7082O5ZA,OSCQ-0002,2026-02-14,154950,13946,13945,0
G000048,Nagpal Plastics,27KPFDS7326H9ZR,NPR-0004,2026-02-22,31300,0,0,5634
G000049,Nagpal Plastics,27KPFDS7326H9ZR,NPR-0005,2026-02-21,56090,0,0,10096
G000050,Menon Copper Works,33NKFHY6270I5ZR,MCWS/0002,2026-02-16,155140,13963,13962,0
G000051,Rathi Steel Traders,06LSDSF2787Q4ZN,RSTT/0002,2026-02-22,89720,0,0,16150
G000052,Mathur Supplies,27HQWMG8820T3ZK,MSA/3,2026-03-09,161630,0,0,29093
G000053,Thakur Steel Traders,03QFHTW5079F3ZH,TSTB/0005,2026-03-19,46540,0,0,8377
G000054,Thakur Steel Traders,03QFHTW5079F3ZH,TSTB-0006,2026-03-12,43200,0,0,7776
G000055,Thakur Steel Traders,03QFHTW5079F3ZH,TSTB/0007,2026-03-25,29950,0,0,5391
G000056,Tandon Lighting,09OXLPI5962I7ZD,TLC/0003,2026-03-23,336870,0,0,60637
G000057,Sood Electric Co,07FQXIU3929D8Z9,SECD/0003,2026-03-06,74700,6723,6723,0
G000058,Sood Electric Co,07FQXIU3929D8Z9,SECD-0004,2026-03-11,55790,5021,5021,0
G000059,Bansal Lighting,09KRKIX3273M6ZU,BLE-0003,2026-03-13,22600,0,0,4068
G000060,Thakur Switchgear,27LDQUF3896O9ZS,TSF/0003,2026-03-04,236470,0,0,42565
G000061,Shah Metals,07ACQSY8794M7ZR,SMG-0003,2026-03-10,174330,15690,15689,0
G000062,Mittal Hardware,09ADYBW4303N1ZD,MHH-0005,2026-03-08,22290,0,0,1115
G000063,Grover Polymers,03VNFYY2662N8Z8,GPI/0003,2026-03-06,69220,0,0,12460
G000064,Iyer Enterprises,07WRDHY4866H6ZX,IEJ-0003,2026-03-18,158680,14281,14281,0
G000065,Mishra Engineering,27HSHWQ9089X4ZD,MEK-0003,2026-03-14,297260,0,0,53507
G000066,Khatri Agencies,07UJFUN1381C7ZI,KAL-0003,2026-03-12,240390,21635,21635,0
G000067,Desai Plastics,07TGWLE6426N2ZE,DPM/0003,2026-03-23,64920,5843,5843,0
G000068,Verma Agencies,07BRBXT6579V1ZY,VAN/0003,2026-03-17,91150,8204,8203,0
G000069,Kohli Supplies,08PYVMA9104B5Z7,KSO/0006,2026-03-18,289230,0,0,52061
G000070,Kohli Supplies,08PYVMA9104B5Z7,KSO/0007,2026-03-15,220000,0,0,39600
G000071,Gill Supplies,29JSBDG6208J6Z1,GSP/0004,2026-03-20,85510,0,0,15392
G000072,Gill Supplies,29JSBDG6208J6Z1,GSP/0005,2026-03-12,106330,0,0,19139
G000073,Oberoi Sales Corp,07PEZER7082O5ZA,OSCQ-0003,2026-03-17,127480,11473,11473,0
G000074,Nagpal Plastics,27KPFDS7326H9ZR,NPR-0006,2026-03-03,35010,0,0,6302
G000075,Nagpal Plastics,27KPFDS7326H9ZR,NPR-0007,2026-03-18,29000,0,0,5220
G000076,Menon Copper Works,33NKFHY6270I5ZR,MCWS/0003,2026-03-02,160050,0,0,28809
G000077,Rathi Steel Traders,06LSDSF2787Q4ZN,RSTT/0003,2026-03-13,54910,0,0,9884
G000078,Mathur Supplies,27HQWMG8820T3ZK,MSA0001,2026-04-03,170470,0,0,30685
G000079,Thakur Steel Traders,03QFHTW5079F3ZH,TSTB-0001,2026-04-21,37850,0,0,6813
G000080,Thakur Steel Traders,03QFHTW5079F3ZH,TSTB-2,2026-04-03,17770,0,0,3199
G000081,Tandon Lighting,09OXLPI5962I7ZD,TLC/0001,2026-04-22,366980,0,0,66056
G000082,Sood Electric Co,07FQXIU3929D8Z9,SECD/0001,2026-04-19,72160,6495,6494,0
G000083,Bansal Lighting,09KRKIX3273M6ZU,BLE-0001,2026-04-25,39670,0,0,7141
G000084,Thakur Switchgear,27LDQUF3896O9ZS,TSF/0001,2026-04-13,171250,0,0,30825
G000085,Shah Metals,07ACQSY8794M7ZR,SMG-0001,2026-04-21,152010,13681,13681,0
G000086,Mittal Hardware,09ADYBW4303N1ZD,MHH0001,2026-04-12,38570,0,0,1929
G000087,Mittal Hardware,09ADYBW4303N1ZD,MHH-0002,2026-04-05,49370,0,0,2469
G000088,Grover Polymers,03VNFYY2662N8Z8,GPI/0001,2026-04-16,60370,0,0,10867
G000089,Iyer Enterprises,07WRDHY4866H6ZX,IEJ-0001,2026-04-09,116140,10453,10452,0
G000090,Mishra Engineering,27HSHWQ9089X4ZD,MEK-0001,2026-04-04,395450,0,0,71181
G000091,Khatri Agencies,07UJFUN1381C7ZI,KAL-0001,2026-04-26,318710,28684,28684,0
G000092,Desai Plastics,07TGWLE6426N2ZE,DPM-1,2026-04-25,82410,7417,7417,0
G000093,Verma Agencies,07BRBXT6579V1ZY,VAN/0001,2026-04-05,172170,15496,15495,0
G000094,Kohli Supplies,08PYVMA9104B5Z7,KSO/0001,2026-04-01,452650,0,0,81477
G000095,Kohli Supplies,08PYVMA9104B5Z7,KSO/0002,2026-04-06,338970,0,0,61015
G000096,Gill Supplies,29JSBDG6208J6Z1,GSP-1,2026-04-07,85580,0,0,15404
G000097,Oberoi Sales Corp,07PEZER7082O5ZA,OSCQ-1,2026-04-19,188570,16972,16971,0
G000098,Nagpal Plastics,27KPFDS7326H9ZR,NPR-1,2026-04-03,36890,0,0,6640
G000099,Nagpal Plastics,27KPFDS7326H9ZR,NPR-0002,2026-04-09,34980,0,0,6296
G000100,Menon Copper Works,33NKFHY6270I5ZR,MCWS/0001,2026-04-04,117750,0,0,21195
G000101,Rathi Steel Traders,06LSDSF2787Q4ZN,RSTT/0001,2026-04-19,76720,0,0,13810
G000102,Mathur Supplies,27HQWMG8820T3ZK,MSA/0002,2026-05-06,164850,0,0,29673
G000103,Mathur Supplies,27HQWMG8820T3ZK,MSA-3,2026-05-01,246470,0,0,44365
G000104,Thakur Steel Traders,03QFHTW5079F3ZH,TSTB/0003,2026-05-18,30020,0,0,5404
G000105,Thakur Steel Traders,03QFHTW5079F3ZH,TSTB/0004,2026-05-24,32190,0,0,5794
G000106,Tandon Lighting,09OXLPI5962I7ZD,TLC/0002,2026-05-23,266350,0,0,47943
G000107,Sood Electric Co,07FQXIU3929D8Z9,SECD/0002,2026-05-08,71220,6410,6410,0
G000108,Bansal Lighting,09KRKIX3273M6ZU,BLE-0002,2026-05-19,45670,0,0,8221
G000109,Thakur Switchgear,27LDQUF3896O9ZS,TSF/0002,2026-05-13,147450,0,0,26541
G000110,Shah Metals,07ACQSY8794M7ZR,SMG/0002,2026-05-26,251240,22612,22611,0
G000111,Mittal Hardware,09ADYBW4303N1ZD,MHH-3,2026-05-27,22810,0,0,1141
G000112,Mittal Hardware,09ADYBW4303N1ZD,MHH-0004,2026-05-18,38250,0,0,1913
G000114,Iyer Enterprises,07WRDHY4866H6ZX,IEJ-0002,2026-05-26,109030,9813,9812,0
G000115,Mishra Engineering,27HSHWQ9089X4ZD,MEK-2,2026-05-22,265190,0,0,47734
G000116,Khatri Agencies,07UJFUN1381C7ZI,KAL-0002,2026-05-22,329210,0,0,59258
G000117,Desai Plastics,07TGWLE6426N2ZE,DPM0002,2026-05-25,63340,5701,5700,0
G000118,Verma Agencies,07BRBXT6579V1ZY,VAN/0002,2026-05-03,94450,8501,8500,0
G000119,Kohli Supplies,08PYVMA9104B5Z7,KSO/3,2026-05-09,246560,0,0,44381
G000120,Kohli Supplies,08PYVMA9104B5Z7,KSO-4,2026-05-22,279130,0,0,50243
G000121,Gill Supplies,29JSBDG6208J6Z1,GSP-2,2026-05-02,66930,0,0,12047
G000122,Oberoi Sales Corp,07PEZER7082O5ZA,OSCQ/2,2026-05-15,103340,9301,9300,0
G000123,Nagpal Plastics,27KPFDS7326H9ZR,NPR-0003,2026-05-26,23810,0,0,4286
G000124,Nagpal Plastics,27KPFDS7326H9ZR,NPR-0004,2026-05-25,31750,0,0,5715
G000125,Menon Copper Works,33NKFHY6270I5ZR,MCWS/0002,2026-05-19,237990,0,0,42838
G000126,Rathi Steel Traders,06LSDSF2787Q4ZN,RSTT/0002,2026-05-22,89790,0,0,16162
G000127,Mathur Supplies,27HQWMG8820T3ZK,MSA/0004,2026-06-18,120220,0,0,21640
G000128,Thakur Steel Traders,03QFHTW5079F3ZH,TSTB/0005,2026-06-04,33550,0,0,6039
G000129,Thakur Steel Traders,03QFHTW5079F3ZH,TSTB/0006,2026-06-14,31140,0,0,5605
G000130,Thakur Steel Traders,03QFHTW5079F3ZH,TSTB/0007,2026-06-23,37550,0,0,6759
G000131,Tandon Lighting,09OXLPI5962I7ZD,TLC/0003,2026-06-02,319690,0,0,57544
G000132,Sood Electric Co,07FQXIU3929D8Z9,SECD/0003,2026-06-27,94680,8521,8521,0
G000133,Bansal Lighting,09KRKIX3273M6ZU,BLE-3,2026-06-05,80360,0,0,14465
G000134,Thakur Switchgear,27LDQUF3896O9ZS,TSF/3,2026-06-12,160810,0,0,28946
G000135,Shah Metals,07ACQSY8794M7ZR,SMG/0003,2026-06-15,337550,30380,30379,0
G000136,Mittal Hardware,09ADYBW4303N1ZD,MHH/0005,2026-06-03,16220,0,0,811
G000137,Grover Polymers,03VNFYY2662N8Z8,GPI/0003,2026-06-04,109760,0,0,19757
G000138,Iyer Enterprises,07WRDHY4866H6ZX,IEJ-0003,2026-06-19,150540,13549,13548,0
G000139,Mishra Engineering,27HSHWQ9089X4ZD,MEK/0003,2026-06-06,370210,0,0,66638
G000141,Desai Plastics,07TGWLE6426N2ZE,DPM/0003,2026-06-10,99770,8980,8979,0
G000142,Verma Agencies,07BRBXT6579V1ZY,VAN/0003,2026-06-08,82130,7392,7391,0
G000143,Kohli Supplies,08PYVMA9104B5Z7,KSO/0005,2026-06-10,289800,0,0,52164
G000144,Kohli Supplies,08PYVMA9104B5Z7,KSO/0006,2026-06-05,314760,0,0,56657
G000145,Gill Supplies,29JSBDG6208J6Z1,GSP/0003,2026-06-18,848130,0,0,152663
G000146,Oberoi Sales Corp,07PEZER7082O5ZA,OSCQ-0003,2026-06-10,171890,15470,15470,0
G000147,Nagpal Plastics,27KPFDS7326H9ZR,NPR/5,2026-06-13,36010,0,0,6482
G000148,Nagpal Plastics,27KPFDS7326H9ZR,NPR-6,2026-06-13,22830,0,0,4109
G000150,Menon Copper Works,33NKFHY6270I5ZR,MCWS/0003,2026-06-07,161800,0,0,29124
G000151,Rathi Steel Traders,06LSDSF2787Q4ZN,RSTT/0003,2026-06-16,60060,0,0,10811
G000152,Mathur Supplies,27HQWMG8820T3ZK,MSA/0005,2026-07-21,342240,0,0,61603
G000153,Thakur Steel Traders,03QFHTW5079F3ZH,TSTB-8,2026-07-15,34760,0,0,6257
G000154,Thakur Steel Traders,03QFHTW5079F3ZH,TSTB/0009,2026-07-21,40430,0,0,7277
G000155,Tandon Lighting,09OXLPI5962I7ZD,TLC/0004,2026-07-09,239630,0,0,43133
G000156,Sood Electric Co,07FQXIU3929D8Z9,SECD/4,2026-07-01,75680,6811,6811,0
G000158,Thakur Switchgear,27LDQUF3896O9ZS,TSF/0004,2026-07-18,158160,0,0,28469
G000159,Shah Metals,07ACQSY8794M7ZR,SMG-0004,2026-07-10,432250,38903,38902,0
G000160,Mittal Hardware,09ADYBW4303N1ZD,MHH-0006,2026-07-21,22780,0,0,2734
G000161,Grover Polymers,03VNFYY2662N8Z8,GPI/0004,2026-07-18,68230,0,0,12281
G000162,Iyer Enterprises,07WRDHY4866H6ZX,IEJ-0004,2026-07-01,163340,14701,14700,0
G000163,Mishra Engineering,27HSHWQ9089X4ZD,MEK-0004,2026-07-27,389900,0,0,70182
G000164,Khatri Agencies,07UJFUN1381C7ZI,KAL-0004,2026-07-24,220260,19824,19823,0
G000165,Desai Plastics,07TGWLE6426N2ZE,DPM/0004,2026-07-18,60010,5401,5401,0
G000166,Verma Agencies,07BRBXT6579V1ZY,VAN/0004,2026-07-23,122140,10993,10992,0
G000167,Kohli Supplies,08PYVMA9104B5Z7,KSO/0007,2026-07-15,170650,0,0,30717
G000168,Kohli Supplies,08PYVMA9104B5Z7,KSO/0008,2026-07-06,597830,0,0,107609
G000169,Gill Supplies,29JSBDG6208J6Z1,GSP/0004,2026-07-08,108490,0,0,19528
G000170,Gill Supplies,29JSBDG6208J6Z1,GSP/0005,2026-07-17,67420,0,0,12136
G000171,Oberoi Sales Corp,07PEZER7082O5ZA,OSCQ/4,2026-07-01,169920,15293,15293,0
G000172,Nagpal Plastics,27KPFDS7326H9ZR,NPR-0008,2026-07-24,36890,0,0,6640
G000173,Nagpal Plastics,27KPFDS7326H9ZR,NPR-0009,2026-07-24,35140,0,0,6325
G000174,Menon Copper Works,33NKFHY6270I5ZR,MCWS/0004,2026-07-08,110950,0,0,19971
G000175,Rathi Steel Traders,06LSDSF2787Q4ZN,RSTT0004,2026-07-25,68650,0,0,12357
G000176,Mathur Supplies,27HQWMG8820T3ZK,MSA/0006,2026-08-23,238780,0,0,42980
G000177,Thakur Steel Traders,03QFHTW5079F3ZH,TSTB/0010,2026-08-18,448760,0,0,80777
G000178,Thakur Steel Traders,03QFHTW5079F3ZH,TSTB/0011,2026-08-21,52390,0,0,9430
G000179,Tandon Lighting,09OXLPI5962I7ZD,TLC-5,2026-08-06,214970,0,0,38695
G000180,Sood Electric Co,07FQXIU3929D8Z9,SECD/0005,2026-08-26,38330,3450,3449,0
G000181,Bansal Lighting,09KRKIX3273M6ZU,BLE-0005,2026-08-25,66770,0,0,12019
G000182,Thakur Switchgear,27LDQUF3896O9ZS,TSF/0005,2026-08-06,178200,0,0,32076
G000183,Shah Metals,07ACQSY8794M7ZR,SMG-0005,2026-08-20,379000,34110,34110,0
G000184,Mittal Hardware,09ADYBW4303N1ZD,MHH-0007,2026-08-19,46530,0,0,2327
G000185,Mittal Hardware,09ADYBW4303N1ZD,MHH-0008,2026-08-19,43850,0,0,5262
G000186,Grover Polymers,03VNFYY2662N8Z8,GPI/0005,2026-08-19,29240,0,0,5263
G000187,Iyer Enterprises,07WRDHY4866H6ZX,IEJ-0005,2026-08-24,303510,27316,27316,0
G000188,Mishra Engineering,27HSHWQ9089X4ZD,MEK-0005,2026-08-03,199910,0,0,35984
G000189,Khatri Agencies,07UJFUN1381C7ZI,KAL-0005,2026-08-19,233650,21029,21028,0
G000190,Desai Plastics,07TGWLE6426N2ZE,DPM/0005,2026-08-09,71090,6398,6398,0
G000191,Verma Agencies,07BRBXT6579V1ZY,VAN/0005,2026-08-12,85590,7703,7703,0
G000192,Kohli Supplies,08PYVMA9104B5Z7,KSO0009,2026-08-22,301400,0,0,54252
G000193,Kohli Supplies,08PYVMA9104B5Z7,KSO/0010,2026-08-08,264240,0,0,47563
G000194,Gill Supplies,29JSBDG6208J6Z1,GSP/0006,2026-08-23,81160,0,0,14609
G000195,Gill Supplies,29JSBDG6208J6Z1,GSP/0007,2026-08-17,206850,0,0,37233
G000196,Oberoi Sales Corp,07PEZER7082O5ZA,OSCQ-0005,2026-08-05,126790,11411,11411,0
G000197,Nagpal Plastics,27KPFDS7326H9ZR,NPR-0010,2026-08-26,28630,0,0,5153
G000198,Nagpal Plastics,27KPFDS7326H9ZR,NPR-11,2026-08-19,32950,0,0,5931
G000199,Menon Copper Works,33NKFHY6270I5ZR,MCWS/0005,2026-08-10,201270,0,0,36229
G000200,Rathi Steel Traders,06LSDSF2787Q4ZN,RSTT/0005,2026-08-08,71490,0,0,12868
G000201,Mathur Supplies,27HQWMG8820T3ZK,MSA/7,2026-09-18,124880,0,0,22478
G000202,Mathur Supplies,27HQWMG8820T3ZK,MSA0008,2026-09-15,185600,0,0,33408
G000203,Thakur Steel Traders,03QFHTW5079F3ZH,TSTB/0012,2026-09-05,32840,0,0,5911
G000204,Thakur Steel Traders,03QFHTW5079F3ZH,TSTB/0013,2026-09-06,34900,0,0,6282
G000205,Thakur Steel Traders,03QFHTW5079F3ZH,TSTB/0014,2026-09-16,62490,0,0,11248
G000206,Tandon Lighting,09OXLPI5962I7ZD,TLC0006,2026-09-19,179750,0,0,32355
G000207,Sood Electric Co,07FQXIU3929D8Z9,SECD/0006,2026-09-02,78580,7072,7072,0
G000208,Bansal Lighting,09KRKIX3273M6ZU,BLE-0006,2026-09-13,35920,0,0,6466
G000209,Thakur Switchgear,27LDQUF3896O9ZS,TSF/0006,2026-09-20,267190,0,0,48094
G000210,Shah Metals,07ACQSY8794M7ZR,SMG-0006,2026-09-20,220290,19826,19826,0
G000211,Mittal Hardware,09ADYBW4303N1ZD,MHH/9,2026-09-18,26050,0,0,1303
G000212,Grover Polymers,03VNFYY2662N8Z8,GPI-6,2026-09-25,74330,0,0,13379
G000213,Iyer Enterprises,07WRDHY4866H6ZX,IEJ-0006,2026-09-10,240620,21656,21656,0
G000214,Mishra Engineering,27HSHWQ9089X4ZD,MEK-0006,2026-09-04,270690,0,0,48724
G000215,Khatri Agencies,07UJFUN1381C7ZI,KAL0006,2026-09-15,348480,31363,31363,0
G000216,Desai Plastics,07TGWLE6426N2ZE,DPM/0006,2026-09-08,54880,4939,4939,0
G000217,Verma Agencies,07BRBXT6579V1ZY,VAN/0006,2026-09-27,96629,8697,8696,0
G000218,Kohli Supplies,08PYVMA9104B5Z7,KSO/0011,2026-09-16,329240,0,0,59263
G000219,Kohli Supplies,08PYVMA9104B5Z7,KSO-12,2026-09-19,197530,0,0,35555
G000220,Gill Supplies,29JSBDG6208J6Z1,GSP/0008,2026-09-11,79880,0,0,14378
G000221,Oberoi Sales Corp,07PEZER7082O5ZA,OSCQ-0006,2026-09-25,145930,13134,13133,0
G000222,Nagpal Plastics,27KPFDS7326H9ZR,NPR-0012,2026-09-07,37450,0,0,6741
G000223,Nagpal Plastics,27KPFDS7326H9ZR,NPR/13,2026-09-08,35980,0,0,6476
G000224,Nagpal Plastics,27KPFDS7326H9ZR,NPR-0014,2026-09-09,23430,0,0,4217
G000225,Menon Copper Works,33NKFHY6270I5ZR,MCWS/0006,2026-09-14,184560,0,0,33221
G000226,Rathi Steel Traders,06LSDSF2787Q4ZN,RSTT/0006,2026-09-10,101450,0,0,18261
