type,ids,impact,bucket
unpaid180,B000022,2840,reverse
taxValue,B000210,3003,risk
missingBooks,G000214,5333,recover
spike,B000217,81155,review
missing2b,B000219,7772,risk
gstin,B000221,5267,risk
amount,B000222,485,risk
missing2b,B000225,5774,risk
missingBooks,G000230,48242,recover
gstin,B000231,77049,risk
missingBooks,G000234,12233,recover
missing2b,B000237,10179,risk
gstin,B000243,11846,risk
gstin,B000251,32015,risk
duplicate,B000254D,21141,reverse
split,B000257,23582,confirm
split,B000264,1407,confirm
amount,B000273,38,recover
missing2b,B000277,6500,risk
taxType,B000288,52787,reverse
missing2b,B000290,37345,risk
gstin,B000291,74493,risk
taxType,B000295,38133,reverse
duplicate,B000296D,60797,reverse
missing2b,B000298,63310,risk
amount,B000299,6656,risk
split,B000314,38839,confirm
taxValue,B000317,5715,recover
gstin,B000326,20929,risk
rate,B000332,10967,reverse
spike,B000333,183074,review
duplicate,B000334D,13435,reverse
missingBooks,G000337,22340,recover
taxValue,B000345,413,risk
missing2b,B000350,5535,risk
spike,B000353,57265,review
spike,B000355,68879,review
amount,B000358,763,recover
taxType,B000364,11299,reverse
taxType,B000365,22588,reverse
missing2b,B000367,13291,risk
rate,B000368,6575,reverse
combined,B000211|B000207,40934,confirm
doublePay,B000212,31164,leak
