key,name,gstin,base,filing,hist
s000,Mathur Supplies,27HQWMG8820T3ZK,10,On time,152630;164240;172700;98890;171080;93140;131450
s001,Thakur Steel Traders,03QFHTW5079F3ZH,12,Filed late,18250;55900;40540;26460;48950;34280;30990
s002,Tandon Lighting,09OXLPI5962I7ZD,12,On time,272350;289690;321340;520850;351820;354340;289120
s003,Sood Electric Co,07FQXIU3929D8Z9,14,Filed late,44220;79800;58870;63880;86830;82140;98170
s004,Bansal Lighting,09KRKIX3273M6ZU,19,On time,55260;41580;46930;46120;40690;46520;64050
s005,Thakur Switchgear,27LDQUF3896O9ZS,17,On time,138720;269800;111860;229380;127770;205760;124730
s006,Shah Metals,07ACQSY8794M7ZR,8,On time,280160;293490;158360;179090;183140;223900;207910
s007,Mittal Hardware,09ADYBW4303N1ZD,26,Filed late,27130;30790;30820;31920;29960;26890;21770
s008,Grover Polymers,03VNFYY2662N8Z8,29,On time,48420;38850;122130;46560;45440;35540;43560
s009,Iyer Enterprises,07WRDHY4866H6ZX,25,On time,216970;211070;107750;125630;99660;167300;176620
s010,Mishra Engineering,27HSHWQ9089X4ZD,7,On time,203110;398090;239900;480730;323080;296680;362200
s011,Khatri Agencies,07UJFUN1381C7ZI,16,On time,271130;330900;373710;226820;358470;164790;516940
s012,Desai Plastics,07TGWLE6426N2ZE,27,On time,52240;101050;117830;85480;81350;57190;62940
s013,Verma Agencies,07BRBXT6579V1ZY,20,On time,87930;88350;78320;138200;74570;47530;82030
s014,Kohli Supplies,08PYVMA9104B5Z7,17,On time,606770;454090;359650;304660;247130;205750;209840
s015,Gill Supplies,29JSBDG6208J6Z1,30,On time,73940;47760;105210;75710;64440;142500;128390
s016,Oberoi Sales Corp,07PEZER7082O5ZA,21,On time,167170;234540;119750;164250;121300;165080;252310
s017,Nagpal Plastics,27KPFDS7326H9ZR,29,On time,25120;16820;34780;30150;13810;73020;22920
s018,Menon Copper Works,33NKFHY6270I5ZR,14,On time,96300;94760;109620;132980;115630;198050;116190
s019,Rathi Steel Traders,06LSDSF2787Q4ZN,14,On time,103510;33860;63340;70250;38740;81380;39170
