tag,id
generic,B000007
generic,B000008
generic,B000010
generic,B000012
variant,B000014
variant,B000015
variant,B000018
variant,B000023
variant,B000029
variant,B000034
generic,B000037
variant,B000039
generic,B000041
variant,B000042
round1,B000043
recurring,B000044
variant,B000045
variant,B000051
round1,B000052
generic,B000056
variant,B000064
generic,B000071
variant,B000071
generic,B000072
generic,B000075
generic,B000076
fyRestart,B000078
fyRestart,B000079
fyRestart,B000080
fyRestart,B000081
fyRestart,B000082
fyRestart,B000083
fyRestart,B000084
fyRestart,B000085
fyRestart,B000086
variant,B000086
fyRestart,B000087
fyRestart,B000088
fyRestart,B000089
fyRestart,B000090
fyRestart,B000091
generic,B000091
fyRestart,B000092
variant,B000092
fyRestart,B000093
fyRestart,B000094
fyRestart,B000095
generic,B000095
fyRestart,B000096
variant,B000096
fyRestart,B000097
variant,B000097
fyRestart,B000098
variant,B000098
round1,B000098
fyRestart,B000099
fyRestart,B000100
generic,B000100
fyRestart,B000101
fyRestart,B000102
fyRestart,B000103
variant,B000103
fyRestart,B000104
fyRestart,B000105
variant,B000105
fyRestart,B000106
fyRestart,B000107
fyRestart,B000108
fyRestart,B000109
fyRestart,B000110
fyRestart,B000111
fyRestart,B000112
fyRestart,B000113
fyRestart,B000114
fyRestart,B000115
fyRestart,B000116
generic,B000116
fyRestart,B000117
generic,B000117
fyRestart,B000118
variant,B000118
fyRestart,B000119
generic,B000119
variant,B000119
fyRestart,B000120
fyRestart,B000121
variant,B000121
fyRestart,B000122
variant,B000122
fyRestart,B000123
fyRestart,B000124
fyRestart,B000125
fyRestart,B000126
variant,B000127
fyRestart,B000128
fyRestart,B000129
fyRestart,B000130
generic,B000130
fyRestart,B000131
round1,B000131
fyRestart,B000132
fyRestart,B000133
variant,B000133
fyRestart,B000134
fyRestart,B000135
fyRestart,B000136
fyRestart,B000137
fyRestart,B000138
fyRestart,B000139
variant,B000139
fyRestart,B000140
variant,B000140
fyRestart,B000141
generic,B000141
variant,B000141
fyRestart,B000142
variant,B000142
fyRestart,B000143
variant,B000143
fyRestart,B000144
fyRestart,B000145
fyRestart,B000146
fyRestart,B000147
fyRestart,B000148
fyRestart,B000149
generic,B000149
fyRestart,B000150
variant,B000150
fyRestart,B000151
generic,B000151
variant,B000151
generic,B000152
fyRestart,B000156
variant,B000157
variant,B000158
variant,B000160
generic,B000161
variant,B000161
variant,B000164
generic,B000166
variant,B000166
fyRestart,B000167
fyRestart,B000169
generic,B000169
fyRestart,B000170
generic,B000171
generic,B000173
variant,B000176
variant,B000177
variant,B000178
variant,B000184
variant,B000185
generic,B000186
variant,B000187
variant,B000191
generic,B000192
variant,B000197
variant,B000199
generic,B000200
variant,B000206
generic,B000215
variant,B000218
generic,B000220
variant,B000220
variant,B000223
variant,B000224
generic,B000232
variant,B000233
recurring,B000236
variant,B000244
generic,B000245
generic,B000246
generic,B000247
generic,B000249
generic,B000250
variant,B000252
variant,B000255
variant,B000259
generic,B000263
generic,B000265
variant,B000269
variant,B000270
variant,B000271
variant,B000272
variant,B000274
generic,B000276
variant,B000283
variant,B000292
generic,B000293
variant,B000293
variant,B000294
variant,B000297
variant,B000300
generic,B000303
generic,B000310
variant,B000310
generic,B000311
generic,B000313
variant,B000313
generic,B000315
variant,B000321
variant,B000322
variant,B000325
variant,B000328
variant,B000330
variant,B000331
round1,B000335
variant,B000342
variant,B000346
generic,B000348
variant,B000349
variant,B000351
variant,B000356
generic,B000362
generic,B000363
variant,B000363
variant,B000369
